:ID,:LABEL,Initial PFAS conc. (mg/L),Temperature (°C),Ionic strength (mM),Adsorbent dose (g/L),Solution pH
EXP_0001,AdsorptionCondition,1000.0,25.0,,,
EXP_0002,AdsorptionCondition,1000.0,25.0,,,
EXP_0003,AdsorptionCondition,1000.0,25.0,,,
EXP_0004,AdsorptionCondition,1000.0,25.0,,,
EXP_0005,AdsorptionCondition,1000.0,25.0,,,
EXP_0006,AdsorptionCondition,1000.0,25.0,,,
EXP_0007,AdsorptionCondition,0.1,20.0,,,
EXP_0008,AdsorptionCondition,0.1,20.0,,,
EXP_0009,AdsorptionCondition,0.1,20.0,,,
EXP_0010,AdsorptionCondition,0.1,20.0,,,
EXP_0011,AdsorptionCondition,0.1,20.0,,,
EXP_0012,AdsorptionCondition,0.1,20.0,,,
EXP_0013,AdsorptionCondition,0.1,20.0,,,
EXP_0014,AdsorptionCondition,0.1,20.0,,,
EXP_0015,AdsorptionCondition,,20.0,,,
EXP_0016,AdsorptionCondition,0.1,20.0,,,
EXP_0017,AdsorptionCondition,0.1,20.0,,,
EXP_0018,AdsorptionCondition,0.1,20.0,,,
EXP_0019,AdsorptionCondition,0.1,20.0,,,
EXP_0020,AdsorptionCondition,0.1,20.0,,,
EXP_0021,AdsorptionCondition,0.1,20.0,,,
EXP_0022,AdsorptionCondition,,120.0,,,
EXP_0023,AdsorptionCondition,,25.0,,,
EXP_0024,AdsorptionCondition,10.0,25.0,,0.1,7.0
EXP_0025,AdsorptionCondition,,,,,
EXP_0026,AdsorptionCondition,,,,,
EXP_0027,AdsorptionCondition,,,,,
EXP_0028,AdsorptionCondition,,,,,
EXP_0029,AdsorptionCondition,,,,,
EXP_0030,AdsorptionCondition,,,,,
EXP_0031,AdsorptionCondition,,,,,
EXP_0032,AdsorptionCondition,,,,,
EXP_0033,AdsorptionCondition,,,,,
EXP_0034,AdsorptionCondition,,,,,
EXP_0035,AdsorptionCondition,,,,,
EXP_0036,AdsorptionCondition,,,,,
EXP_0037,AdsorptionCondition,,,,,
EXP_0038,AdsorptionCondition,,,,,
EXP_0039,AdsorptionCondition,,,,,
EXP_0040,AdsorptionCondition,,,,,
EXP_0041,AdsorptionCondition,,,,,
EXP_0042,AdsorptionCondition,,,,,
EXP_0043,AdsorptionCondition,500.0,,,,
EXP_0044,AdsorptionCondition,,,,,
EXP_0045,AdsorptionCondition,,,,,
EXP_0046,AdsorptionCondition,,,,,
EXP_0047,AdsorptionCondition,,,,,
EXP_0048,AdsorptionCondition,50.0,25.0,,0.2,7.0
EXP_0049,AdsorptionCondition,,25.0,,0.2,7.0
EXP_0050,AdsorptionCondition,,,,,
EXP_0051,AdsorptionCondition,,,,,
EXP_0052,AdsorptionCondition,,,,,
EXP_0053,AdsorptionCondition,,,,,
EXP_0054,AdsorptionCondition,,25.0,,0.2,7.0
EXP_0055,AdsorptionCondition,,,,,
EXP_0056,AdsorptionCondition,,25.0,,0.2,7.0
EXP_0057,AdsorptionCondition,,25.0,,0.5,7.0
EXP_0058,AdsorptionCondition,,,,,
EXP_0059,AdsorptionCondition,,,,,
EXP_0060,AdsorptionCondition,,,,,
EXP_0061,AdsorptionCondition,,,,,
EXP_0062,AdsorptionCondition,,,,,
EXP_0063,AdsorptionCondition,,,,,
EXP_0064,AdsorptionCondition,,,,,
EXP_0065,AdsorptionCondition,,,,,
EXP_0066,AdsorptionCondition,,,,,
EXP_0067,AdsorptionCondition,,,,,
EXP_0068,AdsorptionCondition,,,,,
EXP_0069,AdsorptionCondition,,,,,
EXP_0070,AdsorptionCondition,,,,0.5,6.8
EXP_0071,AdsorptionCondition,,,,0.5,6.8
EXP_0072,AdsorptionCondition,,,,0.5,6.8
EXP_0073,AdsorptionCondition,,,,0.5,6.8
EXP_0074,AdsorptionCondition,,,,0.5,6.8
EXP_0075,AdsorptionCondition,,,,0.5,6.8
EXP_0076,AdsorptionCondition,,,,0.5,6.8
EXP_0077,AdsorptionCondition,,,,0.5,6.8
EXP_0078,AdsorptionCondition,100.0,,,0.5,6.8
EXP_0079,AdsorptionCondition,,,,0.5,6.8
EXP_0080,AdsorptionCondition,100.0,,,0.5,6.8
EXP_0081,AdsorptionCondition,100.0,,,0.5,6.8
EXP_0082,AdsorptionCondition,,,,,
EXP_0083,AdsorptionCondition,,,,,7.0
EXP_0084,AdsorptionCondition,,,,,
EXP_0085,AdsorptionCondition,,25.0,,,7.0
EXP_0086,AdsorptionCondition,,25.0,,,7.0
EXP_0087,AdsorptionCondition,,25.0,,0.2,7.0
EXP_0088,AdsorptionCondition,,25.0,,0.5,7.0
EXP_0089,AdsorptionCondition,,25.0,,0.5,7.0
EXP_0090,AdsorptionCondition,,25.0,,,7.0
EXP_0091,AdsorptionCondition,,25.0,,0.2,7.0
EXP_0092,AdsorptionCondition,,25.0,,,7.0
EXP_0093,AdsorptionCondition,,25.0,,,7.0
EXP_0094,AdsorptionCondition,,25.0,,0.2,7.0
EXP_0095,AdsorptionCondition,16.5025,25.0,,0.5,7.0
EXP_0096,AdsorptionCondition,,,,,
EXP_0097,AdsorptionCondition,,25.0,,,7.0
EXP_0098,AdsorptionCondition,,25.0,,,7.0
EXP_0099,AdsorptionCondition,,,,,
EXP_0100,AdsorptionCondition,,,,,
EXP_0101,AdsorptionCondition,,,,,
EXP_0102,AdsorptionCondition,,,,,
EXP_0103,AdsorptionCondition,,,,,
EXP_0104,AdsorptionCondition,,,,,
EXP_0105,AdsorptionCondition,,,,,
EXP_0106,AdsorptionCondition,,,,,
EXP_0107,AdsorptionCondition,,,,,
EXP_0108,AdsorptionCondition,,,,,
EXP_0109,AdsorptionCondition,,,,,
EXP_0110,AdsorptionCondition,,,,,
EXP_0111,AdsorptionCondition,10.0,25.0,,0.2,7.0
EXP_0112,AdsorptionCondition,,25.0,,0.075,5.0
EXP_0113,AdsorptionCondition,10.0,25.0,,0.5,7.0
EXP_0114,AdsorptionCondition,,,,,
EXP_0115,AdsorptionCondition,,,,,
EXP_0116,AdsorptionCondition,25.0065,25.0,,0.1,7.0
EXP_0117,AdsorptionCondition,0.05,25.0,,0.2,7.0
EXP_0118,AdsorptionCondition,10.0,25.0,,0.2,7.0
EXP_0119,AdsorptionCondition,50.0,25.0,,0.2,7.0
EXP_0120,AdsorptionCondition,,,,,
EXP_0121,AdsorptionCondition,,25.0,,0.1,7.0
EXP_0122,AdsorptionCondition,,,,,
EXP_0123,AdsorptionCondition,,,,,
EXP_0124,AdsorptionCondition,,,,,
EXP_0125,AdsorptionCondition,,,,,
EXP_0126,AdsorptionCondition,,,,,
EXP_0127,AdsorptionCondition,,,,,
EXP_0128,AdsorptionCondition,,,,,
EXP_0129,AdsorptionCondition,10.0,,,,6.3
EXP_0130,AdsorptionCondition,1.0,,,,
EXP_0131,AdsorptionCondition,1.0,,,,
EXP_0132,AdsorptionCondition,977.2052,,,,
EXP_0133,AdsorptionCondition,977.2052,21.0,,25.0,
EXP_0134,AdsorptionCondition,,,,,
EXP_0135,AdsorptionCondition,,,,,
EXP_0136,AdsorptionCondition,,,,,
EXP_0137,AdsorptionCondition,,,,,
EXP_0138,AdsorptionCondition,,,,,
EXP_0139,AdsorptionCondition,,,,,
EXP_0140,AdsorptionCondition,,,,,
EXP_0141,AdsorptionCondition,,,,,
EXP_0142,AdsorptionCondition,,,,,
EXP_0143,AdsorptionCondition,,,,,
EXP_0144,AdsorptionCondition,,,,,
EXP_0145,AdsorptionCondition,,,,,
EXP_0146,AdsorptionCondition,,,,,
EXP_0147,AdsorptionCondition,500.0,,,,
EXP_0148,AdsorptionCondition,500.0,,,,
EXP_0149,AdsorptionCondition,500.0,,,,
EXP_0150,AdsorptionCondition,500.0,,,,
EXP_0151,AdsorptionCondition,1000.0,25.0,,,
EXP_0152,AdsorptionCondition,1000.0,25.0,,,
EXP_0153,AdsorptionCondition,1000.0,25.0,,,
EXP_0154,AdsorptionCondition,1000.0,25.0,,,
EXP_0155,AdsorptionCondition,1000.0,25.0,,,
EXP_0156,AdsorptionCondition,1000.0,25.0,,,
EXP_0157,AdsorptionCondition,,,,0.15,
EXP_0158,AdsorptionCondition,,,,,
EXP_0159,AdsorptionCondition,,25.0,,0.15,
EXP_0160,AdsorptionCondition,100.0,25.0,,0.2,
EXP_0161,AdsorptionCondition,100.0,25.0,,0.2,
EXP_0162,AdsorptionCondition,100.0,25.0,,0.2,
EXP_0163,AdsorptionCondition,100.0,25.0,,0.2,
EXP_0164,AdsorptionCondition,100.0,25.0,,0.2,
EXP_0165,AdsorptionCondition,100.0,25.0,,0.2,
EXP_0166,AdsorptionCondition,100.0,25.0,,0.2,
EXP_0167,AdsorptionCondition,100.0,25.0,,0.2,
EXP_0168,AdsorptionCondition,100.0,25.0,,0.2,
EXP_0169,AdsorptionCondition,4.0,24.85,,,
EXP_0170,AdsorptionCondition,,,,,
EXP_0171,AdsorptionCondition,,,,,
EXP_0172,AdsorptionCondition,,24.85,,,
EXP_0173,AdsorptionCondition,,,,,
EXP_0174,AdsorptionCondition,,25.0,,0.2,
EXP_0175,AdsorptionCondition,,25.0,,0.2,6.9
EXP_0176,AdsorptionCondition,,25.0,,0.2,6.9
EXP_0177,AdsorptionCondition,,25.0,,0.2,6.9
EXP_0178,AdsorptionCondition,,25.0,,0.2,6.9
EXP_0179,AdsorptionCondition,,25.0,,0.2,6.9
EXP_0180,AdsorptionCondition,,25.0,,0.2,6.9
EXP_0181,AdsorptionCondition,,25.0,,0.2,6.9
EXP_0182,AdsorptionCondition,,25.0,,0.2,6.9
EXP_0183,AdsorptionCondition,,25.0,,0.2,6.9
EXP_0184,AdsorptionCondition,,25.0,,0.2,6.9
EXP_0185,AdsorptionCondition,,,,0.2,6.9
EXP_0186,AdsorptionCondition,,25.0,,0.2,6.9
EXP_0187,AdsorptionCondition,,25.0,,0.2,6.9
EXP_0188,AdsorptionCondition,,25.0,,0.2,6.9
EXP_0189,AdsorptionCondition,,25.0,,0.2,6.9
EXP_0190,AdsorptionCondition,,25.0,,0.2,6.9
EXP_0191,AdsorptionCondition,,25.0,,0.2,6.9
EXP_0192,AdsorptionCondition,,,,0.2,6.9
EXP_0193,AdsorptionCondition,,,,0.2,6.9
EXP_0194,AdsorptionCondition,,,,0.2,6.9
EXP_0195,AdsorptionCondition,,25.0,,0.2,6.9
EXP_0196,AdsorptionCondition,,25.0,,0.2,6.9
EXP_0197,AdsorptionCondition,,,,0.2,6.9
EXP_0198,AdsorptionCondition,,25.0,,,5.0
EXP_0199,AdsorptionCondition,,25.0,,,5.0
EXP_0200,AdsorptionCondition,,,,,5.0
EXP_0201,AdsorptionCondition,,,,,5.0
EXP_0202,AdsorptionCondition,,,,,5.0
EXP_0203,AdsorptionCondition,1000.0,25.0,,,
EXP_0204,AdsorptionCondition,1000.0,25.0,,,
EXP_0205,AdsorptionCondition,,,10.0,,
EXP_0206,AdsorptionCondition,,,10.0,,
EXP_0207,AdsorptionCondition,,,,,
EXP_0208,AdsorptionCondition,,,,,
EXP_0209,AdsorptionCondition,,,,,
EXP_0210,AdsorptionCondition,,,,,
EXP_0211,AdsorptionCondition,,,,,
EXP_0212,AdsorptionCondition,,,,,
EXP_0213,AdsorptionCondition,,,,,
EXP_0214,AdsorptionCondition,,,,,
EXP_0215,AdsorptionCondition,,,,,
EXP_0216,AdsorptionCondition,,,,,
EXP_0217,AdsorptionCondition,,,,,
EXP_0218,AdsorptionCondition,,,,,
EXP_0219,AdsorptionCondition,,,,,
EXP_0220,AdsorptionCondition,,25.0,,,
EXP_0221,AdsorptionCondition,,25.0,,,
EXP_0222,AdsorptionCondition,0.1,25.0,,,
EXP_0223,AdsorptionCondition,,,,0.5,
EXP_0224,AdsorptionCondition,,,,0.5,
EXP_0225,AdsorptionCondition,,25.0,,,
EXP_0226,AdsorptionCondition,,25.0,,,
EXP_0227,AdsorptionCondition,,25.0,,,
EXP_0228,AdsorptionCondition,,25.0,,,
EXP_0229,AdsorptionCondition,1.0,25.0,,0.3,3.0
EXP_0230,AdsorptionCondition,,25.0,,0.3,
EXP_0231,AdsorptionCondition,,25.0,,0.3,3.0
EXP_0232,AdsorptionCondition,,25.0,,0.3,
EXP_0233,AdsorptionCondition,,25.0,,0.3,3.0
EXP_0234,AdsorptionCondition,,25.0,,0.3,3.0
EXP_0235,AdsorptionCondition,,25.0,,0.3,
EXP_0236,AdsorptionCondition,1.0,25.0,,0.3,3.0
EXP_0237,AdsorptionCondition,1.0,25.0,,0.3,3.0
EXP_0238,AdsorptionCondition,,25.0,,,4.6
EXP_0239,AdsorptionCondition,500.0,,,,
EXP_0240,AdsorptionCondition,,,,,
EXP_0241,AdsorptionCondition,,,,,
EXP_0242,AdsorptionCondition,500.0,,,,
EXP_0243,AdsorptionCondition,,,,,
EXP_0244,AdsorptionCondition,,,,,
