:ID,:LABEL,doi,title,year,authors,journal
ART_001,Article,10.1002/adma.202407194,Zirconium‐Based Metal–Organic Frameworks with Free Hydroxy Groups for Enhanced Perfluorooctanoic Acid Uptake in Water,2024.0,,
ART_002,Article,10.1002/adma.202413120,Trace Adsorptive Removal of PFAS from Water by Optimizing the UiO‐66 MOF Interface,2025.0,,
ART_003,Article,10.1002/admi.202500166,Highly Efficient Removal of Perfluorooctanoic Acid from Water Using Zirconium Terephthalate (UiO‐66) Gel,2025.0,,
ART_004,Article,10.1016/j.cattod.2019.12.036,Surfactant-assisted synthesis of nanocrystalline zeolitic imidazolate framework 8 and 67 for adsorptive removal of perfluorooctane sulfonate from aqueous solution,2020.0,,
ART_005,Article,10.1016/j.cej.2022.139202,A recent overview of per- and polyfluoroalkyl substances (PFAS) removal by functional framework materials,2023.0,,
ART_006,Article,10.1016/j.cej.2024.153621,Regulation and synthesis of metal–organic frameworks through mixed-ligand strategy: A pathway to enhance adsorption of perfluoroalkyl acids,2024.0,,
ART_007,Article,10.1016/j.cej.2025.160192,"Enhanced removal of PFAS in water using activated ZIF-8 carbons: High adsorption efficiency, repeatable regenerability and reusability",2025.0,,
ART_008,Article,10.1016/j.cej.2025.170898,Fungal chitin nanofibril-MOF hybrids for PFAS remediation in water: mechanism and performance-sustainability trade-off,2025.0,,
ART_009,Article,10.1016/j.cej.2026.174010,Trimetal-organic framework composite-modified sponge for efficient removal of F− and PFAS from wastewater,2026.0,,
ART_010,Article,10.1016/j.chemosphere.2020.128072,"Polymer-assisted modification of metal-organic framework MIL-96 (Al): influence of HPAM concentration on particle size, crystal morphology and removal of harmful environmental pollutant PFOA",2021.0,,
ART_011,Article,10.1016/j.commatsci.2024.113334,"First principles study of perfluoroalkyl substance adsorption in 
                  M
               -MOF-74 metal organic frameworks",2024.0,,
ART_012,Article,10.1016/j.envres.2024.118261,Adsorption of perfluoroalkyl substances on deep eutectic solvent-based amorphous metal-organic framework: Structure and mechanism,2024.0,,
ART_013,Article,10.1016/j.envres.2024.118679,Roles of varying carbon chains and functional groups of legacy and emerging per-/polyfluoroalkyl substances in adsorption on metal-organic framework: Insights into mechanism and adsorption prediction,2024.0,,
ART_014,Article,10.1016/j.jcis.2022.05.050,Novel MOF-808 metal–organic framework as highly efficient adsorbent of perfluorooctane sulfonate in water,2022.0,,
ART_015,Article,10.1016/j.jcis.2023.01.032,Synthesis and characterization of PCN-222 metal organic framework and its application for removing perfluorooctane sulfonate from water,2023.0,,
ART_016,Article,10.1016/j.seppur.2022.121449,Enhanced adsorption and photocatalytic removal of PFOA from water by F-functionalized MOF with in-situ-growth TiO2: Regulation of electron density and bandgap,2022.0,,
ART_017,Article,10.1016/j.seppur.2023.124774,Preferential elimination of negatively charged micropollutants in water over cerium-based metal–organic frameworks,2023.0,,
ART_018,Article,10.1016/j.seppur.2024.128877,"Photocatalytic degradation of perfluorooctanoic acid (PFOA) by metal organic framework MIL-177-HT: New insights into the role of specific surface area, charge separation and dimensionality",2025.0,,
ART_019,Article,10.1016/j.seppur.2025.132575,Rapid adsorption of per- and polyfluoroalkyl substances (PFAS) on N-doped porous carbons (NPCs) derived from ZIF-8 over a wide pH range: Adsorption behaviors and mechanisms,2025.0,,
ART_020,Article,10.1016/j.seppur.2025.133139,MOF/Polydopamine-modified MXene based mixed matrix membrane for per- and polyfluoroalkyl substances removal from real wastewater,2025.0,,
ART_021,Article,10.1016/j.seppur.2026.137589,High-loading UiO-66@Polycaprolactone electrospun nanofibers for equilibrium-driven removal of Perfluorooctanoic acid from water,2026.0,,
ART_022,Article,10.1016/j.watres.2024.122276,Efficient removal of per- and polyfluoroalkyl substances by a metal-organic framework membrane with high selectivity and stability,2024.0,,
ART_023,Article,10.1021/acsomega.5c05815,"Influence of Charge
Compensating Anions on the Adsorption
of Perfluorobutanesulfonate in MOF-808",2025.0,,
ART_024,Article,10.1021/jacs.3c14487,"Exceptionally High
Perfluorooctanoic Acid Uptake in
Water by a Zirconium-Based Metal–Organic Framework through
Synergistic Chemical and Physical Adsorption",2024.0,,
ART_025,Article,10.1021/jacs.5c23392,"Atomically Precise
Engineering of Synergistic Binding
Sites in a Zirconium Metal–Organic Framework for the Capture
of Perfluorooctanoic Acid",2026.0,,
ART_026,Article,10.1021/acs.chemmater.1c00324,,,,
ART_027,Article,10.1021/acs.chemmater.5c00246,,,,
ART_028,Article,10.1021/acs.est.1c03974,,,,
ART_029,Article,10.1021/acs.est.5b00802,,,,
ART_030,Article,10.1021/acs.iecr.5c00232,,,,
ART_031,Article,10.1021/acs.inorgchem.9b00380,,,,
ART_032,Article,10.1021/acs.jchemed.2c00910,,,,
ART_033,Article,10.1021/acs.jpcc.2c07737,,,,
ART_034,Article,10.1021/acs.langmuir.2c03209,,,,
ART_035,Article,10.1021/acsanm.0c03050,,,,
ART_036,Article,10.1021/acsapm.5c02791,,,,
ART_037,Article,10.1021/acsestengg.4c00932,,,,
ART_038,Article,10.1021/acsestwater.2c00078,,,,
ART_039,Article,10.1021/acsmaterialslett.6c00186,,,,
ART_040,Article,10.1021acs.chemmater.1c00324,Efficient Removal of Per- and Polyfluoroalkyl Substances from Water with Zirconium-Based Metal–Organic Frameworks,2021.0,,
ART_041,Article,10.1021acs.chemmater.5c00246,Balancing Pore Accessibility and Hydrophobicity for Enhanced Perfluorooctanoic Acid Removal: A Case Study on NU-1000,2025.0,,
ART_042,Article,10.1021acs.est.1c03974,Systematic Study on the Removal of Per- and Polyfluoroalkyl Substances from Contaminated Groundwater Using Metal–Organic Frameworks,2021.0,,
ART_043,Article,10.1021acs.est.5b00802,es5b00802 1..9,2015.0,,
ART_044,Article,10.1021acs.iecr.5c00232,Topology-Regulated Zirconium Metal–Organic Frameworks for Enhanced Removal of Perfluorinated Pollutants,2025.0,,
ART_045,Article,10.1021acs.inorgchem.9b00380,Probing the Sorption of Perfluorooctanesulfonate Using Mesoporous Metal–Organic Frameworks from Aqueous Solutions,2019.0,,
ART_046,Article,10.1021acs.jchemed.2c00910,Adsorption of a PFAS Utilizing MOF-808: Development of an Undergraduate Laboratory Experiment in a Capstone Course,2023.0,,
ART_047,Article,10.1021acs.jpcc.2c07737,Computational Investigation of Structure–Function Relationship in Fluorine-Functionalized MOFs for PFOA Capture from Water,2023.0,,
ART_048,Article,10.1021acs.langmuir.2c03209,Removal of Low Trace ppb-Level Perfluorooctanesulfonic Acid (PFOS) with ZIF-8 Coatings Involving Adsorbent Degradation,2023.0,,
ART_049,Article,10.1021acsanm.0c03050,Hydrophobic Fluorous Metal–Organic Framework Nanoadsorbent for Removal of Hazardous Wastes from Water,2021.0,,
ART_050,Article,10.1021acsapm.5c02791,Postsynthetic Polymerization of UiO-66-NH2 for the Fabrication of Nylon/MOF Hybrid Membranes with Enhanced PFOS and PFOA Uptake,2025.0,,
ART_051,Article,10.1021acsestengg.4c00932,Enhancement of the Coadsorption of Per- and Polyfluoroalkyl Substances onto Fe-MOF Derivative in Surface Water through Strengthening Hydrophobic Interactions,2025.0,,
ART_052,Article,10.1021acsestwater.2c00078,Surface Complex and Nonradical Pathways Contributing to High-Efficiency Degradation of Perfluorooctanoic Acid on Oxygen-Deficient In2O3 Derived from an In-Based Metal Organic Framework,2022.0,,
ART_053,Article,10.1021acsmaterialslett.6c00186,Ultrafast Capture of Per- and Polyfluoroalkyl Substances from Water by Mesoporous Zirconium Metal–Organic Frameworks,2026.0,,
