:ID,:LABEL,MOF name,Pore topology,Crystal structure,Linker type,Linker connectivity,Linker coord. group,Linker functional group,Nº ligands,Metal node,Cluster type,Cluster nuclearity,SBU,Node connectivity,Nº coordinated linkers,Nº capping ligands,Capping ligand type
MOF_001,MOF,PCN-1001,ftw,,L-ETHC,,carboxylate,ortho-hydroxy,,Zr,zirconium-oxo cluster,6.0,Zr6,,,,acetic acid
MOF_002,MOF,PCN-1002,ftw,Im3m,L-ETHC,,carboxylate,ortho-hydroxy,,Zr,zirconium-oxo cluster,6.0,Zr6,,,,acetic acid
MOF_003,MOF,PCN-94,ftw,,,,,,,Zr,,,,,,,
MOF_004,MOF,UiO-66,fcu,,BDC,2.0,carboxylate,H,,Zr,Zr6O4(OH)4,6.0,Zr6O4(OH)4(COO)12,12.0,12.0,,
MOF_005,MOF,UiO-66-(F)4,fcu,,tetrafluoroterephthalate,2.0,carboxylate,fluoro,,Zr,Zr(IV)-oxo cluster,6.0,Zr6(μ3-O)(μ3-OH) octahedral cluster,12.0,12.0,,
MOF_006,MOF,UiO-66-(F)4-OS,fcu,,tetrafluoroterephthalate,2.0,carboxylate,(F)4,,Zr,Zr(IV)-oxo cluster,6.0,Zr6(μ3-O)(μ3-OH) octahedral cluster,12.0,12.0,,
MOF_007,MOF,UiO-66-NH2,fcu,,NH2-BDC,2.0,carboxylate,amino,,Zr,Zr6O4(OH)4,6.0,Zr6O4(OH)4,12.0,12.0,,
MOF_008,MOF,UiO-66-NO2,fcu,,2-nitroterephthalic acid,2.0,carboxylate,nitro,,Zr,Zr(IV)-oxo cluster,6.0,Zr6(μ3-O)4(μ3-OH)4,12.0,12.0,,
MOF_009,MOF,UiO-66-OS,fcu,,BDC,2.0,carboxylate,H,,Zr,Zr(IV)-oxo cluster,6.0,Zr6(μ3-O)(μ3-OH) octahedral cluster,12.0,12.0,,
MOF_010,MOF,ZIF-67,sod,,2-methylimidazole,,imidazolate,methyl,,Co,,,,,,,
MOF_011,MOF,ZIF-8,sod,cubic,2-methylimidazole,,imidazolate,methyl,,Zn,,,,,,,
MOF_012,MOF,CAT-ZIF-8,,,2-methylimidazole,,,,,Zn,,,,,,,
MOF_013,MOF,Fe-BTC,,,BTC,,carboxylate,,,Fe,,,,,,,
MOF_014,MOF,MIL-100(Fe),,,,,,,,Fe,,,,,,,
MOF_015,MOF,MIL-101(Cr),,,BDC,,carboxylate,,,Cr,,,,,,,
MOF_016,MOF,MIL-101(Cr) anion-exchange,,,terephthalate,,carboxylate,,,Cr,,,,,,,
MOF_017,MOF,MIL-101(Fe),,,,,,,,Fe,,,,,,,
MOF_018,MOF,MIL-125-NH2,,,NH2-BDC,,carboxylate,amino,,Ti,Ti4+ clusters,,,,,,
MOF_019,MOF,MIL-53(Al),,,,,,,,Al,,,,,,,
MOF_020,MOF,MIL-53(Fe),,,,,,,,Fe,,,,,,,
MOF_021,MOF,MIL-96,,,,,,,,,,,,,,,
MOF_022,MOF,NU-1000,,,"1,3,6,8-(p-benzoate)pyrene",,,,,,Zr6 metal-oxo cluster,,Zr6(μ3-O)4(μ3-OH)4(H2O)4(OH)4,,,,
MOF_023,MOF,SCU-8,,,,,,,,Th,,,,,,,
MOF_024,MOF,UiO-66-(F4),,,perfluorinated terephthalic acid,,carboxylate,fluorine,,Zr,,,,,,,
MOF_025,MOF,ZIF-7,sodalite,,benzimidazole,,imidazolate,,,Zn,,,,,,,
MOF_026,MOF,ZIF-L,,layered,2-methylimidazole,,,,,Zn,,,,,,,
MOF_027,MOF,UiO-66(BDC/BDC-NH2),fcu,,BDC and BDC-NH2,2.0,carboxylate,amino,,Zr,Zr6O4(OH)4,6.0,Zr6O4(OH)4(COO)12,12.0,12.0,,
MOF_028,MOF,UiO-66(BDC/BPDC),fcu,,"BDC, BPDC",2.0,carboxylate,,,Zr,Zr6O4(OH)4,6.0,Zr6O4(OH)4(COO)12,12.0,,,
MOF_029,MOF,UiO-66(BDC/NDC),fcu,,"BDC, NDC",2.0,carboxylate,,,Zr,Zr6O4(OH)4,6.0,Zr6O4(OH)4,12.0,,,
MOF_030,MOF,ZIF-8 activated carbon (ZAC),,,2-methylimidazole,,imidazolate,methyl,,Zn,,,,,,,
MOF_031,MOF,Ch-Gel,,,,,,,,,,,,,,,
MOF_032,MOF,ChG-MOF (10%),,,"1,3,5-benzenetricarboxylic acid",,carboxylate,,,Zr,Zr-O-Zr secondary building unit,,Zr-O-Zr,,,,
MOF_033,MOF,ChG-MOF (5%),,,"1,3,5-benzenetricarboxylic acid",,carboxylate,,,Zr,Zr-O-Zr secondary building unit,,Zr-O-Zr,,,,
MOF_034,MOF,trimetal-organic framework composite-modified sponge,,,,,,,,,,,,,,,
MOF_035,MOF,MIL-96(Al),,,trimesic acid,,carboxylate,,,Al,,,,,,,
MOF_036,MOF,M-MOF-74,,,dobdc,,carboxylate,hydroxyl,,,,,,,,,
MOF_037,MOF,DES-based amorphous MOF,,amorphous,,,,,,,,,,,,,
MOF_038,MOF,MOF-808,spn,Fd-3m,BTC,3.0,carboxylate,,,Zr,Zr6O4(OH)4,6.0,Zr6O4(OH)4(COO)6,6.0,6.0,6.0,formate
MOF_039,MOF,PCN-222,,,TCPP (tetrakis(4-carboxyphenyl)porphyrin),4.0,carboxylate,porphyrin,,Zr,Zr6 oxo cluster,6.0,Zr6(μ-OH)8(OH)8(CO2)8,8.0,8.0,,trifluoroacetic acid
MOF_040,MOF,F-functionalized MOF,,,BDC-F,,carboxylate,fluoro,,Zr,,,,,,,
MOF_041,MOF,MOF,,,,,,F-functionalized,,,,,,,,,
MOF_042,MOF,Ce-MOF-808,spn,,BTC,3.0,carboxylate,,,Ce,Ce6 oxo cluster,6.0,Ce6(μ3-OH)8,6.0,6.0,6.0,formate
MOF_043,MOF,Ce-UiO-66,fcu,,BDC,2.0,carboxylate,,,Ce,metal-oxo cluster,6.0,Ce6 oxo cluster,12.0,12.0,,
MOF_044,MOF,Ce-UiO-66-NH2,fcu,,2-aminoterephthalic acid,2.0,carboxylate,amino,,Ce,metal-oxo cluster,6.0,Ce6 oxo cluster,12.0,12.0,,
MOF_045,MOF,MIL-177-HT,,,,,,,,Ti,,,,,,,
MOF_046,MOF,PCL-UiO-66,,,terephthalic acid,,carboxylate,,,Zr,,,,,,,acetic acid
MOF_047,MOF,MOF-808-AA,,,benzenetricarboxylate,3.0,carboxylate,,,Zr,Zr6 oxo-hydroxo cluster,6.0,[Zr6(u3-O)4(u3-OH)4]12+,,2.0,4.0,acetate
MOF_048,MOF,MOF-808-AF,,,benzenetricarboxylate (btc),3.0,carboxylate,,,Zr,Zr6 oxo-hydroxo cluster,6.0,[Zr6(u3-O)4(u3-OH)4]12+,,2.0,4.0,acetate (0.2 eq) and chloride (3.8 eq)
MOF_049,MOF,MOF-808-FA,,,benzenetricarboxylate,3.0,carboxylate,,,Zr,Zr6 oxo-hydroxo cluster,6.0,[Zr6(u3-O)4(u3-OH)4]12+,,2.0,4.0,formate
MOF_050,MOF,MOF-808-TFA,,,benzenetricarboxylate,3.0,carboxylate,,,Zr,Zr6 oxo-hydroxo cluster,6.0,[Zr6(u3-O)4(u3-OH)4]12+,,2.0,5.2,trifluoroacetate
MOF_051,MOF,PCN-999,scu,Cmmm,"L12 (4′,4″′-(2,2-bis(4-carboxyphenyl)ethene-1,1-diyl)bis(([1,1′-biphenyl]-4-carboxylic acid)))",,carboxylate,,8.0,Zr,Zr6 and biformate-bridged (Zr6)2 clusters,6.0,Zr6 and (Zr6)2,8.0,8.0,2.0,formate
MOF_052,MOF,Fe-MOF-808,,,"BTC (benzene-1,3,5-tricarboxylate)",3.0,carboxylate,,,"Zr, Fe",Zr6O8 node with binuclear Fe species,6.0,Zr6O8 with binuclear Fe,,,,"formate, acetate"
MOF_053,MOF,NU-F,,,4-fluorobenzoate,,carboxylate,fluorobenzoate,,Zr,Zr-based metal cluster,,,,,,fluorobenzoate
MOF_054,MOF,NU-PF,,,perfluorinated alkyl chain,,,perfluorinated alkyl chain,,Zr,Zr-based metal cluster,,,,,,perfluorinated alkyl chain
MOF_055,MOF,MIL-101(Cr)-DMEN,,,bdc,,carboxylate,"DMEN (N,N-dimethylethylenediamine)",,Cr,Cr-trimer,3.0,Cr3O cluster,,,,
MOF_056,MOF,MIL-101(Cr)-NH2,,,2-NH2-bdc,,carboxylate,amino,,Cr,Cr-trimer,3.0,Cr3O cluster,,,,
MOF_057,MOF,MIL-101(Cr)-NMe,,,bdc,,carboxylate,NMe (quaternized amine),,Cr,Cr-trimer,3.0,Cr3O cluster,,,,
MOF_058,MOF,MIL-101(Cr)-QDMEN,,,bdc,,carboxylate,quaternary amine (QDMEN),,Cr,Cr-trimer,3.0,Cr3O cluster,,,,
MOF_059,MOF,Zr-MOF-1,,,H4TCPPDA,4.0,carboxylate,amine,,Zr,metal-oxo cluster,6.0,Zr6 cluster,8.0,8.0,,hydroxyl
MOF_060,MOF,Zr-MOF-2,,,TCPPDA,4.0,carboxylate,,,Zr,,,,8.0,8.0,,
MOF_061,MOF,Cr-MIL-101,,,BDC,,carboxylate,,,Cr,,,,,,,
MOF_062,MOF,Fe-MIL-101,,,BDC,,carboxylate,,,Fe,,,,,,,
MOF_063,MOF,F-UiO-67-100%,fcu,,fluorine-substituted biphenyl dicarboxylate,,carboxylate,fluorine,,Zr,metal-oxo cluster,,,,,,
MOF_064,MOF,F-UiO-67-25%,fcu,,fluorine-substituted biphenyl dicarboxylate,,carboxylate,fluorine,,Zr,metal-oxo cluster,,,,,,
MOF_065,MOF,F-UiO-67-50%,fcu,,fluorine-substituted biphenyl dicarboxylate,,carboxylate,fluorine,,Zr,,,,,,,
MOF_066,MOF,F-UiO-67-75%,fcu,,fluorine-substituted biphenyl dicarboxylate,,carboxylate,fluorine,,Zr,metal-oxo cluster,,,,,,
MOF_067,MOF,NU-1000-PF,,,perfluoroalkyl chain,,hydroxyl,perfluoroalkyl,,Zr,,,,,,,
MOF_068,MOF,SIFSIX-1-Cu,,,dpa,,,,,Cu,,,,,,,
MOF_069,MOF,UiO-67,fcu,,"biphenyl-4,4'-dicarboxylate",,carboxylate,,,Zr,,,,,,,
MOF_070,MOF,zeolite Beta,,,,,,,,,,,,,,,
MOF_071,MOF,Zn(C H F O),,,trifluoromethyl-substituted ligand,,,trifluoromethyl,,Zn,,,,,,,
MOF_072,MOF,ZIF-8@Cu,SOD,,imidazolate,,,,,Zn,,,,,,,sodium acetate
MOF_073,MOF,UiO-66-F,fcu,,BDC-CF (perfluoroalkyl modified 2-aminoterephthalic acid),2.0,carboxylate,perfluoroalkyl chain,,Zr,Zr-oxo cluster,6.0,Zr6O4(OH)4,12.0,,,
MOF_074,MOF,PA-MOF,,,2-aminoterephthalic acid,,carboxylate,amino,,Zr,Zr-oxo cluster,,,,,,formic acid
MOF_075,MOF,H:MIL-101(Fe),,,H2BDC,,carboxylate,,,Fe,,,,,,,
MOF_076,MOF,H:NH2-MIL-101(Fe),,,2-aminoterephthalic acid,,carboxylate,amino,,Fe,,,,,,,
MOF_077,MOF,MIL-68(In)-NH2,,,amino-modified BDC,,carboxylate,amino,,In,,,,,,,
MOF_078,MOF,MIP-206,,,,,carboxylate,,,Zr,,,,,,,formate
MOF_079,MOF,MIP-206-OH,,,,,carboxylate,hydroxyl,,Zr,,,,,,,formate
