:ID,:LABEL,mof_id,pfas_mof_id,MOF name,PFA name,Adsorption capacity (mg/g),Removal efficiency (%),Langmuir KL (L/mg),Isotherm model,DOI,has_capacity,has_removal,data_complete,article_id,Freundlich KF,Kd (L/g),Equilibrium time (h),pfas_id
EXP_0001,Adsorption,MOF_001,PFAS_MOF_002,PCN-1001,PFOA,174.0,,,Langmuir,10.1002/adma.202407194,True,False,True,ART_001,,,,PFAS_156
EXP_0002,Adsorption,MOF_002,PFAS_MOF_002,PCN-1002,PFOA,1089.0,,,Langmuir,10.1002/adma.202407194,True,False,True,ART_001,,,,PFAS_156
EXP_0003,Adsorption,MOF_002,PFAS_MOF_001,PCN-1002,PFBS,,,,,10.1002/adma.202407194,False,False,False,ART_001,,,,PFAS_098
EXP_0004,Adsorption,MOF_002,PFAS_MOF_005,PCN-1002,PFDA,,,,,10.1002/adma.202407194,False,False,False,ART_001,,,,PFAS_052
EXP_0005,Adsorption,MOF_003,PFAS_MOF_002,PCN-94,PFOA,,,,,10.1002/adma.202407194,False,False,False,ART_001,,,,PFAS_156
EXP_0006,Adsorption,MOF_003,PFAS_MOF_005,PCN-94,PFDA,,,,,10.1002/adma.202407194,False,False,False,ART_001,,,,PFAS_052
EXP_0007,Adsorption,MOF_004,PFAS_MOF_002,UiO-66,PFOA,,,,,10.1002/adma.202413120,False,False,False,ART_002,,,,PFAS_156
EXP_0008,Adsorption,MOF_004,PFAS_MOF_007,UiO-66,PFOS,,,,,10.1002/adma.202413120,False,False,False,ART_002,,,,PFAS_054
EXP_0009,Adsorption,MOF_004,PFAS_MOF_019,UiO-66,GenX,,,,,10.1002/adma.202413120,False,False,False,ART_002,,,,PFAS_076
EXP_0010,Adsorption,MOF_005,PFAS_MOF_002,UiO-66-(F)4,PFOA,,,,,10.1002/adma.202413120,False,False,False,ART_002,,,,PFAS_156
EXP_0011,Adsorption,MOF_005,PFAS_MOF_007,UiO-66-(F)4,PFOS,,,,,10.1002/adma.202413120,False,False,False,ART_002,,,,PFAS_054
EXP_0012,Adsorption,MOF_005,PFAS_MOF_019,UiO-66-(F)4,GenX,,,,,10.1002/adma.202413120,False,False,False,ART_002,,,,PFAS_076
EXP_0013,Adsorption,MOF_006,PFAS_MOF_002,UiO-66-(F)4-OS,PFOA,,,,,10.1002/adma.202413120,False,False,False,ART_002,,,,PFAS_156
EXP_0014,Adsorption,MOF_006,PFAS_MOF_007,UiO-66-(F)4-OS,PFOS,,,,,10.1002/adma.202413120,False,False,False,ART_002,,,,PFAS_054
EXP_0015,Adsorption,MOF_006,PFAS_MOF_019,UiO-66-(F)4-OS,GenX,,,,,10.1002/adma.202413120,False,False,False,ART_002,,,,PFAS_076
EXP_0016,Adsorption,MOF_007,PFAS_MOF_002,UiO-66-NH2,PFOA,,,,,10.1002/adma.202413120,False,False,False,ART_002,,,,PFAS_156
EXP_0017,Adsorption,MOF_007,PFAS_MOF_007,UiO-66-NH2,PFOS,,,,,10.1002/adma.202413120,False,False,False,ART_002,,,,PFAS_054
EXP_0018,Adsorption,MOF_008,PFAS_MOF_002,UiO-66-NO2,PFOA,,,,,10.1002/adma.202413120,False,False,False,ART_002,,,,PFAS_156
EXP_0019,Adsorption,MOF_008,PFAS_MOF_007,UiO-66-NO2,PFOS,,,,,10.1002/adma.202413120,False,False,False,ART_002,,,,PFAS_054
EXP_0020,Adsorption,MOF_009,PFAS_MOF_002,UiO-66-OS,PFOA,,,,,10.1002/adma.202413120,False,False,False,ART_002,,,,PFAS_156
EXP_0021,Adsorption,MOF_009,PFAS_MOF_007,UiO-66-OS,PFOS,,,,,10.1002/adma.202413120,False,False,False,ART_002,,,,PFAS_054
EXP_0022,Adsorption,MOF_004,PFAS_MOF_002,UiO-66,PFOA,,,,,10.1002/admi.202500166,False,False,False,ART_003,,,,PFAS_156
EXP_0023,Adsorption,MOF_010,PFAS_MOF_007,ZIF-67,PFOS,243.9,,,Langmuir,10.1016/j.cattod.2019.12.036,True,False,True,ART_004,,,,PFAS_054
EXP_0024,Adsorption,MOF_011,PFAS_MOF_007,ZIF-8,PFOS,300.0,99.0,,Langmuir,10.1016/j.cattod.2019.12.036,True,True,True,ART_004,,,0.5,PFAS_054
EXP_0025,Adsorption,MOF_012,PFAS_MOF_016,CAT-ZIF-8,PFAS (general),,,,,10.1016/j.cej.2022.139202,False,False,False,ART_005,,,,PFAS_MOF_016
EXP_0026,Adsorption,MOF_013,PFAS_MOF_002,Fe-BTC,PFOA,,,,,10.1016/j.cej.2022.139202,False,False,False,ART_005,,,,PFAS_156
EXP_0027,Adsorption,MOF_014,PFAS_MOF_002,MIL-100(Fe),PFOA,,,,,10.1016/j.cej.2022.139202,False,False,False,ART_005,,,,PFAS_156
EXP_0028,Adsorption,MOF_015,PFAS_MOF_016,MIL-101(Cr),PFAS (general),,,,,10.1016/j.cej.2022.139202,False,False,False,ART_005,,,,PFAS_MOF_016
EXP_0029,Adsorption,MOF_015,PFAS_MOF_007,MIL-101(Cr),PFOS,,,,,10.1016/j.cej.2022.139202,False,False,False,ART_005,,,,PFAS_054
EXP_0030,Adsorption,MOF_016,PFAS_MOF_002,MIL-101(Cr) anion-exchange,PFOA,782.5923,,,,10.1016/j.cej.2022.139202,True,False,True,ART_005,,,,PFAS_156
EXP_0031,Adsorption,MOF_017,PFAS_MOF_002,MIL-101(Fe),PFOA,,,,,10.1016/j.cej.2022.139202,False,False,False,ART_005,,,,PFAS_156
EXP_0032,Adsorption,MOF_017,PFAS_MOF_007,MIL-101(Fe),PFOS,,,,,10.1016/j.cej.2022.139202,False,False,False,ART_005,,,,PFAS_054
EXP_0033,Adsorption,MOF_018,PFAS_MOF_002,MIL-125-NH2,PFOA,42.0,,,,10.1016/j.cej.2022.139202,True,False,True,ART_005,,,,PFAS_156
EXP_0034,Adsorption,MOF_018,PFAS_MOF_007,MIL-125-NH2,PFOS,17.0,,,,10.1016/j.cej.2022.139202,True,False,True,ART_005,,,,PFAS_054
EXP_0035,Adsorption,MOF_019,PFAS_MOF_002,MIL-53(Al),PFOA,169.0,,,,10.1016/j.cej.2022.139202,True,False,True,ART_005,,,,PFAS_156
EXP_0036,Adsorption,MOF_019,PFAS_MOF_007,MIL-53(Al),PFOS,,,,,10.1016/j.cej.2022.139202,False,False,False,ART_005,,,,PFAS_054
EXP_0037,Adsorption,MOF_020,PFAS_MOF_007,MIL-53(Fe),PFOS,,,,,10.1016/j.cej.2022.139202,False,False,False,ART_005,,,,PFAS_054
EXP_0038,Adsorption,MOF_021,PFAS_MOF_002,MIL-96,PFOA,,,,,10.1016/j.cej.2022.139202,False,False,False,ART_005,,,,PFAS_156
EXP_0039,Adsorption,MOF_022,PFAS_MOF_001,NU-1000,PFBS,,,,,10.1016/j.cej.2022.139202,False,False,False,ART_005,,,,PFAS_098
EXP_0040,Adsorption,MOF_023,PFAS_MOF_007,SCU-8,PFOS,,,,,10.1016/j.cej.2022.139202,False,False,False,ART_005,,,,PFAS_054
EXP_0041,Adsorption,MOF_004,PFAS_MOF_007,UiO-66,PFOS,,,,,10.1016/j.cej.2022.139202,False,False,False,ART_005,,,,PFAS_054
EXP_0042,Adsorption,MOF_004,PFAS_MOF_001,UiO-66,PFBS,,,,,10.1016/j.cej.2022.139202,False,False,False,ART_005,,,,PFAS_098
EXP_0043,Adsorption,MOF_004,PFAS_MOF_002,UiO-66,PFOA,,,,,10.1016/j.cej.2022.139202,False,False,False,ART_005,,,,PFAS_156
EXP_0044,Adsorption,MOF_024,PFAS_MOF_016,UiO-66-(F4),PFAS (general),,,,,10.1016/j.cej.2022.139202,False,False,False,ART_005,,,,PFAS_MOF_016
EXP_0045,Adsorption,MOF_025,PFAS_MOF_002,ZIF-7,PFOA,,,,,10.1016/j.cej.2022.139202,False,False,False,ART_005,,,,PFAS_156
EXP_0046,Adsorption,MOF_011,PFAS_MOF_002,ZIF-8,PFOA,,,,,10.1016/j.cej.2022.139202,False,False,False,ART_005,,,,PFAS_156
EXP_0047,Adsorption,MOF_026,PFAS_MOF_002,ZIF-L,PFOA,,,,,10.1016/j.cej.2022.139202,False,False,False,ART_005,,,,PFAS_156
EXP_0048,Adsorption,MOF_004,PFAS_MOF_002,UiO-66,PFOA,85.3,,,Langmuir,10.1016/j.cej.2024.153621,True,False,True,ART_006,,,24.0,PFAS_156
EXP_0049,Adsorption,MOF_004,PFAS_MOF_007,UiO-66,PFOS,105.4,,,Langmuir,10.1016/j.cej.2024.153621,True,False,True,ART_006,,,,PFAS_054
EXP_0050,Adsorption,MOF_027,PFAS_MOF_002,UiO-66(BDC/BDC-NH2),PFOA,,,,,10.1016/j.cej.2024.153621,False,False,False,ART_006,,,,PFAS_156
EXP_0051,Adsorption,MOF_027,PFAS_MOF_007,UiO-66(BDC/BDC-NH2),PFOS,,,,,10.1016/j.cej.2024.153621,False,False,False,ART_006,,,,PFAS_054
EXP_0052,Adsorption,MOF_028,PFAS_MOF_002,UiO-66(BDC/BPDC),PFOA,,,,,10.1016/j.cej.2024.153621,False,False,False,ART_006,,,,PFAS_156
EXP_0053,Adsorption,MOF_028,PFAS_MOF_007,UiO-66(BDC/BPDC),PFOS,,,,,10.1016/j.cej.2024.153621,False,False,False,ART_006,,,,PFAS_054
EXP_0054,Adsorption,MOF_029,PFAS_MOF_002,UiO-66(BDC/NDC),PFOA,476.19,,,Langmuir,10.1016/j.cej.2024.153621,True,False,True,ART_006,,,,PFAS_156
EXP_0055,Adsorption,MOF_029,PFAS_MOF_007,UiO-66(BDC/NDC),PFOS,,,,,10.1016/j.cej.2024.153621,False,False,False,ART_006,,,,PFAS_054
EXP_0056,Adsorption,MOF_007,PFAS_MOF_002,UiO-66-NH2,PFOA,149.0,,,Langmuir,10.1016/j.cej.2024.153621,True,False,True,ART_006,,,,PFAS_156
EXP_0057,Adsorption,MOF_007,PFAS_MOF_007,UiO-66-NH2,PFOS,312.0,,,Langmuir,10.1016/j.cej.2024.153621,True,False,True,ART_006,,,,PFAS_054
EXP_0058,Adsorption,MOF_011,PFAS_MOF_007,ZIF-8,PFOS,,,,,10.1016/j.cej.2025.160192,False,False,False,ART_007,,,,PFAS_054
EXP_0059,Adsorption,MOF_011,PFAS_MOF_002,ZIF-8,PFOA,,,,,10.1016/j.cej.2025.160192,False,False,False,ART_007,,,,PFAS_156
EXP_0060,Adsorption,MOF_011,PFAS_MOF_009,ZIF-8,PFHxS,,,,,10.1016/j.cej.2025.160192,False,False,False,ART_007,,,,PFAS_139
EXP_0061,Adsorption,MOF_011,PFAS_MOF_001,ZIF-8,PFBS,,,,,10.1016/j.cej.2025.160192,False,False,False,ART_007,,,,PFAS_098
EXP_0062,Adsorption,MOF_011,PFAS_MOF_010,ZIF-8,PFHxA,,,,,10.1016/j.cej.2025.160192,False,False,False,ART_007,,,,PFAS_053
EXP_0063,Adsorption,MOF_011,PFAS_MOF_003,ZIF-8,PFBA,,,,,10.1016/j.cej.2025.160192,False,False,False,ART_007,,,,PFAS_084
EXP_0064,Adsorption,MOF_030,PFAS_MOF_007,ZIF-8 activated carbon (ZAC),PFOS,,,,,10.1016/j.cej.2025.160192,False,False,False,ART_007,,,,PFAS_054
EXP_0065,Adsorption,MOF_030,PFAS_MOF_002,ZIF-8 activated carbon (ZAC),PFOA,,,,,10.1016/j.cej.2025.160192,False,False,False,ART_007,,,,PFAS_156
EXP_0066,Adsorption,MOF_030,PFAS_MOF_009,ZIF-8 activated carbon (ZAC),PFHxS,,,,,10.1016/j.cej.2025.160192,False,False,False,ART_007,,,,PFAS_139
EXP_0067,Adsorption,MOF_030,PFAS_MOF_001,ZIF-8 activated carbon (ZAC),PFBS,,,,,10.1016/j.cej.2025.160192,False,False,False,ART_007,,,,PFAS_098
EXP_0068,Adsorption,MOF_030,PFAS_MOF_010,ZIF-8 activated carbon (ZAC),PFHxA,,,,,10.1016/j.cej.2025.160192,False,False,False,ART_007,,,,PFAS_053
EXP_0069,Adsorption,MOF_030,PFAS_MOF_003,ZIF-8 activated carbon (ZAC),PFBA,,,,,10.1016/j.cej.2025.160192,False,False,False,ART_007,,,,PFAS_084
EXP_0070,Adsorption,MOF_031,PFAS_MOF_002,Ch-Gel,PFOA,349.2,,,Langmuir,10.1016/j.cej.2025.170898,True,False,True,ART_008,,,,PFAS_156
EXP_0071,Adsorption,MOF_031,PFAS_MOF_005,Ch-Gel,PFDA,498.0,,,Langmuir,10.1016/j.cej.2025.170898,True,False,True,ART_008,,,,PFAS_052
EXP_0072,Adsorption,MOF_031,PFAS_MOF_017,Ch-Gel,PNBS,140.0,,,Langmuir,10.1016/j.cej.2025.170898,True,False,True,ART_008,,,,PFAS_199
EXP_0073,Adsorption,MOF_031,PFAS_MOF_007,Ch-Gel,PFOS,219.8,,,Langmuir,10.1016/j.cej.2025.170898,True,False,True,ART_008,,,,PFAS_054
EXP_0074,Adsorption,MOF_032,PFAS_MOF_002,ChG-MOF (10%),PFOA,495.8,90.0,,Langmuir,10.1016/j.cej.2025.170898,True,True,True,ART_008,,,,PFAS_156
EXP_0075,Adsorption,MOF_032,PFAS_MOF_005,ChG-MOF (10%),PFDA,689.5,95.0,,Langmuir,10.1016/j.cej.2025.170898,True,True,True,ART_008,,,,PFAS_052
EXP_0076,Adsorption,MOF_032,PFAS_MOF_017,ChG-MOF (10%),PNBS,271.3,73.0,,Langmuir,10.1016/j.cej.2025.170898,True,True,True,ART_008,,,,PFAS_199
EXP_0077,Adsorption,MOF_032,PFAS_MOF_007,ChG-MOF (10%),PFOS,354.7,82.0,,Langmuir,10.1016/j.cej.2025.170898,True,True,True,ART_008,,,,PFAS_054
EXP_0078,Adsorption,MOF_033,PFAS_MOF_002,ChG-MOF (5%),PFOA,,,,,10.1016/j.cej.2025.170898,False,False,False,ART_008,,,,PFAS_156
EXP_0079,Adsorption,MOF_033,PFAS_MOF_005,ChG-MOF (5%),PFDA,,,,,10.1016/j.cej.2025.170898,False,False,False,ART_008,,,,PFAS_052
EXP_0080,Adsorption,MOF_033,PFAS_MOF_017,ChG-MOF (5%),PNBS,,,,,10.1016/j.cej.2025.170898,False,False,False,ART_008,,,,PFAS_199
EXP_0081,Adsorption,MOF_033,PFAS_MOF_007,ChG-MOF (5%),PFOS,,,,,10.1016/j.cej.2025.170898,False,False,False,ART_008,,,,PFAS_054
EXP_0082,Adsorption,MOF_034,PFAS_MOF_016,trimetal-organic framework composite-modified sponge,PFAS (general),,,,,10.1016/j.cej.2026.174010,False,False,False,ART_009,,,,PFAS_MOF_016
EXP_0083,Adsorption,MOF_035,PFAS_MOF_002,MIL-96(Al),PFOA,200.0,,,Langmuir,10.1016/j.chemosphere.2020.128072,True,False,True,ART_010,,,,PFAS_156
EXP_0084,Adsorption,MOF_036,PFAS_MOF_018,M-MOF-74,PFAS,,,,,10.1016/j.commatsci.2024.113334,False,False,False,ART_011,,,,PFAS_MOF_018
EXP_0085,Adsorption,MOF_037,PFAS_MOF_002,DES-based amorphous MOF,PFOA,,,,Langmuir,10.1016/j.envres.2024.118261,False,False,False,ART_012,,,,PFAS_156
EXP_0086,Adsorption,MOF_037,PFAS_MOF_007,DES-based amorphous MOF,PFOS,612.3,,,Langmuir,10.1016/j.envres.2024.118261,True,False,True,ART_012,,,,PFAS_054
EXP_0087,Adsorption,MOF_004,PFAS_MOF_002,UiO-66,PFOA,188.5,,,Langmuir,10.1016/j.envres.2024.118679,True,False,True,ART_013,,,,PFAS_156
EXP_0088,Adsorption,MOF_004,PFAS_MOF_007,UiO-66,PFOS,153.8,,,Langmuir,10.1016/j.envres.2024.118679,True,False,True,ART_013,,,,PFAS_054
EXP_0089,Adsorption,MOF_004,PFAS_MOF_003,UiO-66,PFBA,28.5,,,Langmuir,10.1016/j.envres.2024.118679,True,False,True,ART_013,,,,PFAS_084
EXP_0090,Adsorption,MOF_004,PFAS_MOF_001,UiO-66,PFBS,,,,Freundlich,10.1016/j.envres.2024.118679,False,False,False,ART_013,,,,PFAS_098
EXP_0091,Adsorption,MOF_004,PFAS_MOF_010,UiO-66,PFHxA,,,,Freundlich,10.1016/j.envres.2024.118679,False,False,False,ART_013,,,,PFAS_053
EXP_0092,Adsorption,MOF_004,PFAS_MOF_009,UiO-66,PFHxS,,,,Freundlich,10.1016/j.envres.2024.118679,False,False,False,ART_013,,,,PFAS_139
EXP_0093,Adsorption,MOF_004,PFAS_MOF_004,UiO-66,PFNA,,,,Freundlich,10.1016/j.envres.2024.118679,False,False,False,ART_013,,,,PFAS_155
EXP_0094,Adsorption,MOF_004,PFAS_MOF_005,UiO-66,PFDA,312.5,,,Langmuir,10.1016/j.envres.2024.118679,True,False,True,ART_013,,,,PFAS_052
EXP_0095,Adsorption,MOF_004,PFAS_MOF_019,UiO-66,GenX,52.3,78.5,0.18,Langmuir,10.1016/j.envres.2024.118679,True,True,True,ART_013,,,24.0,PFAS_076
EXP_0096,Adsorption,MOF_004,PFAS_MOF_020,UiO-66,PFMOBA,,,,,10.1016/j.envres.2024.118679,False,False,False,ART_013,,,,PFAS_200
EXP_0097,Adsorption,MOF_004,PFAS_MOF_021,UiO-66,6:2 FTSA,,,,Freundlich,10.1016/j.envres.2024.118679,False,False,False,ART_013,,,,PFAS_201
EXP_0098,Adsorption,MOF_004,PFAS_MOF_022,UiO-66,PFECHS,,,,Freundlich,10.1016/j.envres.2024.118679,False,False,False,ART_013,,,,PFAS_202
EXP_0099,Adsorption,MOF_007,PFAS_MOF_002,UiO-66-NH2,PFOA,,,,,10.1016/j.envres.2024.118679,False,False,False,ART_013,,,,PFAS_156
EXP_0100,Adsorption,MOF_007,PFAS_MOF_007,UiO-66-NH2,PFOS,,,,,10.1016/j.envres.2024.118679,False,False,False,ART_013,,,,PFAS_054
EXP_0101,Adsorption,MOF_007,PFAS_MOF_003,UiO-66-NH2,PFBA,,,,,10.1016/j.envres.2024.118679,False,False,False,ART_013,,,,PFAS_084
EXP_0102,Adsorption,MOF_007,PFAS_MOF_001,UiO-66-NH2,PFBS,,,,,10.1016/j.envres.2024.118679,False,False,False,ART_013,,,,PFAS_098
EXP_0103,Adsorption,MOF_007,PFAS_MOF_010,UiO-66-NH2,PFHxA,,,,,10.1016/j.envres.2024.118679,False,False,False,ART_013,,,,PFAS_053
EXP_0104,Adsorption,MOF_007,PFAS_MOF_009,UiO-66-NH2,PFHxS,,,,,10.1016/j.envres.2024.118679,False,False,False,ART_013,,,,PFAS_139
EXP_0105,Adsorption,MOF_007,PFAS_MOF_004,UiO-66-NH2,PFNA,,,,,10.1016/j.envres.2024.118679,False,False,False,ART_013,,,,PFAS_155
EXP_0106,Adsorption,MOF_007,PFAS_MOF_005,UiO-66-NH2,PFDA,,,,,10.1016/j.envres.2024.118679,False,False,False,ART_013,,,,PFAS_052
EXP_0107,Adsorption,MOF_007,PFAS_MOF_019,UiO-66-NH2,GenX,,,,,10.1016/j.envres.2024.118679,False,False,False,ART_013,,,,PFAS_076
EXP_0108,Adsorption,MOF_007,PFAS_MOF_020,UiO-66-NH2,PFMOBA,,,,,10.1016/j.envres.2024.118679,False,False,False,ART_013,,,,PFAS_200
EXP_0109,Adsorption,MOF_007,PFAS_MOF_021,UiO-66-NH2,6:2 FTSA,,,,,10.1016/j.envres.2024.118679,False,False,False,ART_013,,,,PFAS_201
EXP_0110,Adsorption,MOF_007,PFAS_MOF_022,UiO-66-NH2,PFECHS,,,,,10.1016/j.envres.2024.118679,False,False,False,ART_013,,,,PFAS_202
EXP_0111,Adsorption,MOF_038,PFAS_MOF_007,MOF-808,PFOS,467.0,99.0,0.043,Langmuir,10.1016/j.jcis.2022.05.050,True,True,True,ART_014,,,1.0,PFAS_054
EXP_0112,Adsorption,MOF_039,PFAS_MOF_007,PCN-222,PFOS,2257.0,,,Langmuir,10.1016/j.jcis.2023.01.032,True,False,True,ART_015,,,0.5,PFAS_054
EXP_0113,Adsorption,MOF_040,PFAS_MOF_002,F-functionalized MOF,PFOA,384.6,95.0,,Langmuir,10.1016/j.seppur.2022.121449,True,True,True,ART_016,,,1.0,PFAS_156
EXP_0114,Adsorption,MOF_040,PFAS_MOF_002,F-functionalized MOF,PFOA,,,,,10.1016/j.seppur.2022.121449,False,False,False,ART_016,,,,PFAS_156
EXP_0115,Adsorption,MOF_041,PFAS_MOF_002,MOF,PFOA,,,,,10.1016/j.seppur.2022.121449,False,False,False,ART_016,,,,PFAS_156
EXP_0116,Adsorption,MOF_042,PFAS_MOF_007,Ce-MOF-808,PFOS,312.0,99.0,,Langmuir,10.1016/j.seppur.2023.124774,True,True,True,ART_017,,,1.0,PFAS_054
EXP_0117,Adsorption,MOF_042,PFAS_MOF_002,Ce-MOF-808,PFOA,234.0,99.0,,Langmuir,10.1016/j.seppur.2023.124774,True,True,True,ART_017,,,0.5,PFAS_156
EXP_0118,Adsorption,MOF_043,PFAS_MOF_007,Ce-UiO-66,PFOS,312.0,98.0,,Langmuir,10.1016/j.seppur.2023.124774,True,True,True,ART_017,,,1.0,PFAS_054
EXP_0119,Adsorption,MOF_043,PFAS_MOF_002,Ce-UiO-66,PFOA,312.0,98.0,0.18,Langmuir,10.1016/j.seppur.2023.124774,True,True,True,ART_017,,,1.0,PFAS_156
EXP_0120,Adsorption,MOF_044,PFAS_MOF_007,Ce-UiO-66-NH2,PFOS,,,,,10.1016/j.seppur.2023.124774,False,False,False,ART_017,,,,PFAS_054
EXP_0121,Adsorption,MOF_044,PFAS_MOF_002,Ce-UiO-66-NH2,PFOA,303.0,,,Langmuir,10.1016/j.seppur.2023.124774,True,False,True,ART_017,,,,PFAS_156
EXP_0122,Adsorption,MOF_045,PFAS_MOF_002,MIL-177-HT,PFOA,,,,,10.1016/j.seppur.2024.128877,False,False,False,ART_018,,,,PFAS_156
EXP_0123,Adsorption,MOF_011,PFAS_MOF_007,ZIF-8,PFOS,,,,,10.1016/j.seppur.2025.132575,False,False,False,ART_019,,,,PFAS_054
EXP_0124,Adsorption,MOF_011,PFAS_MOF_002,ZIF-8,PFOA,,,,,10.1016/j.seppur.2025.132575,False,False,False,ART_019,,,,PFAS_156
EXP_0125,Adsorption,MOF_011,PFAS_MOF_001,ZIF-8,PFBS,,,,,10.1016/j.seppur.2025.132575,False,False,False,ART_019,,,,PFAS_098
EXP_0126,Adsorption,MOF_011,PFAS_MOF_009,ZIF-8,PFHxS,,,,,10.1016/j.seppur.2025.132575,False,False,False,ART_019,,,,PFAS_139
EXP_0127,Adsorption,MOF_011,PFAS_MOF_003,ZIF-8,PFBA,,,,,10.1016/j.seppur.2025.132575,False,False,False,ART_019,,,,PFAS_084
EXP_0128,Adsorption,MOF_011,PFAS_MOF_010,ZIF-8,PFHxA,,,,,10.1016/j.seppur.2025.132575,False,False,False,ART_019,,,,PFAS_053
EXP_0129,Adsorption,MOF_014,PFAS_MOF_002,MIL-100(Fe),PFOA,,91.4,,,10.1016/j.seppur.2025.133139,False,True,True,ART_020,,,,PFAS_156
EXP_0130,Adsorption,MOF_014,PFAS_MOF_011,MIL-100(Fe),PFHpA,,,,,10.1016/j.seppur.2025.133139,False,False,False,ART_020,,,,PFAS_020
EXP_0131,Adsorption,MOF_014,PFAS_MOF_010,MIL-100(Fe),PFHxA,,,,,10.1016/j.seppur.2025.133139,False,False,False,ART_020,,,,PFAS_053
EXP_0132,Adsorption,MOF_046,PFAS_MOF_002,PCL-UiO-66,PFOA,35.0,90.0,,,10.1016/j.seppur.2026.137589,True,True,True,ART_021,,,16.0,PFAS_156
EXP_0133,Adsorption,MOF_004,PFAS_MOF_002,UiO-66,PFOA,100.0,90.0,,,10.1016/j.seppur.2026.137589,True,True,True,ART_021,,,16.0,PFAS_156
EXP_0134,Adsorption,MOF_011,PFAS_MOF_007,ZIF-8,PFOS,,,,,10.1016/j.watres.2024.122276,False,False,False,ART_022,,,,PFAS_054
EXP_0135,Adsorption,MOF_011,PFAS_MOF_002,ZIF-8,PFOA,,,,,10.1016/j.watres.2024.122276,False,False,False,ART_022,,,,PFAS_156
EXP_0136,Adsorption,MOF_011,PFAS_MOF_001,ZIF-8,PFBS,,,,,10.1016/j.watres.2024.122276,False,False,False,ART_022,,,,PFAS_098
EXP_0137,Adsorption,MOF_011,PFAS_MOF_009,ZIF-8,PFHxS,,,,,10.1016/j.watres.2024.122276,False,False,False,ART_022,,,,PFAS_139
EXP_0138,Adsorption,MOF_011,PFAS_MOF_004,ZIF-8,PFNA,,,,,10.1016/j.watres.2024.122276,False,False,False,ART_022,,,,PFAS_155
EXP_0139,Adsorption,MOF_011,PFAS_MOF_005,ZIF-8,PFDA,,,,,10.1016/j.watres.2024.122276,False,False,False,ART_022,,,,PFAS_052
EXP_0140,Adsorption,MOF_011,PFAS_MOF_012,ZIF-8,PFUnDA,,,,,10.1016/j.watres.2024.122276,False,False,False,ART_022,,,,PFAS_158
EXP_0141,Adsorption,MOF_011,PFAS_MOF_013,ZIF-8,PFDoDA,,,,,10.1016/j.watres.2024.122276,False,False,False,ART_022,,,,PFAS_154
EXP_0142,Adsorption,MOF_011,PFAS_MOF_003,ZIF-8,PFBA,,,,,10.1016/j.watres.2024.122276,False,False,False,ART_022,,,,PFAS_084
EXP_0143,Adsorption,MOF_011,PFAS_MOF_014,ZIF-8,PFPeA,,,,,10.1016/j.watres.2024.122276,False,False,False,ART_022,,,,PFAS_128
EXP_0144,Adsorption,MOF_011,PFAS_MOF_010,ZIF-8,PFHxA,,,,,10.1016/j.watres.2024.122276,False,False,False,ART_022,,,,PFAS_053
EXP_0145,Adsorption,MOF_011,PFAS_MOF_011,ZIF-8,PFHpA,,,,,10.1016/j.watres.2024.122276,False,False,False,ART_022,,,,PFAS_020
EXP_0146,Adsorption,MOF_011,PFAS_MOF_015,ZIF-8,6:2 FTS,,,,,10.1016/j.watres.2024.122276,False,False,False,ART_022,,,,PFAS_198
EXP_0147,Adsorption,MOF_047,PFAS_MOF_001,MOF-808-AA,PFBS,511.0,,0.00415,Langmuir,10.1021/acsomega.5c05815,True,False,True,ART_023,,,0.833333,PFAS_098
EXP_0148,Adsorption,MOF_048,PFAS_MOF_001,MOF-808-AF,PFBS,837.0,,0.00772,Langmuir,10.1021/acsomega.5c05815,True,False,True,ART_023,,,0.833333,PFAS_098
EXP_0149,Adsorption,MOF_049,PFAS_MOF_001,MOF-808-FA,PFBS,385.0,,0.00132,Langmuir,10.1021/acsomega.5c05815,True,False,True,ART_023,,,0.833333,PFAS_098
EXP_0150,Adsorption,MOF_050,PFAS_MOF_001,MOF-808-TFA,PFBS,721.0,,0.00327,Langmuir,10.1021/acsomega.5c05815,True,False,True,ART_023,,,0.833333,PFAS_098
EXP_0151,Adsorption,MOF_051,PFAS_MOF_002,PCN-999,PFOA,1089.0,,,Langmuir,10.1021/jacs.3c14487,True,False,True,ART_024,,,72.0,PFAS_156
EXP_0152,Adsorption,MOF_051,PFAS_MOF_003,PCN-999,PFBA,,,,,10.1021/jacs.3c14487,False,False,False,ART_024,,,,PFAS_084
EXP_0153,Adsorption,MOF_051,PFAS_MOF_004,PCN-999,PFNA,,,,,10.1021/jacs.3c14487,False,False,False,ART_024,,,,PFAS_155
EXP_0154,Adsorption,MOF_051,PFAS_MOF_005,PCN-999,PFDA,,,,,10.1021/jacs.3c14487,False,False,False,ART_024,,,,PFAS_052
EXP_0155,Adsorption,MOF_051,PFAS_MOF_006,PCN-999,PFSEA,,,,,10.1021/jacs.3c14487,False,False,False,ART_024,,,,PFAS_196
EXP_0156,Adsorption,MOF_051,PFAS_MOF_001,PCN-999,PFBS,,,,,10.1021/jacs.3c14487,False,False,False,ART_024,,,,PFAS_098
EXP_0157,Adsorption,MOF_052,PFAS_MOF_007,Fe-MOF-808,PFOS,,93.0,,,10.1021/jacs.5c23392,False,True,True,ART_025,,,,PFAS_054
EXP_0158,Adsorption,MOF_052,PFAS_MOF_008,Fe-MOF-808,8:2-FTSA,,93.0,,,10.1021/jacs.5c23392,False,True,True,ART_025,,,,PFAS_197
EXP_0159,Adsorption,MOF_038,PFAS_MOF_002,MOF-808,PFOA,1581.0,,,Langmuir,10.1021/jacs.5c23392,True,False,True,ART_025,,,,PFAS_156
EXP_0160,Adsorption,MOF_022,PFAS_MOF_001,NU-1000,PFBS,404.0,,,Langmuir and Freundlich,10.1021/acs.chemmater.1c00324,True,False,True,ART_026,,,,PFAS_098
EXP_0161,Adsorption,MOF_022,PFAS_MOF_009,NU-1000,PFHxS,,,,,10.1021/acs.chemmater.1c00324,False,False,False,ART_026,,,,PFAS_139
EXP_0162,Adsorption,MOF_022,PFAS_MOF_007,NU-1000,PFOS,404.0,,,,10.1021/acs.chemmater.1c00324,True,False,True,ART_026,,,,PFAS_054
EXP_0163,Adsorption,MOF_022,PFAS_MOF_003,NU-1000,PFBA,,,,,10.1021/acs.chemmater.1c00324,False,False,False,ART_026,,,,PFAS_084
EXP_0164,Adsorption,MOF_022,PFAS_MOF_014,NU-1000,PFPeA,,,,,10.1021/acs.chemmater.1c00324,False,False,False,ART_026,,,,PFAS_128
EXP_0165,Adsorption,MOF_022,PFAS_MOF_010,NU-1000,PFHxA,,,,,10.1021/acs.chemmater.1c00324,False,False,False,ART_026,,,,PFAS_053
EXP_0166,Adsorption,MOF_022,PFAS_MOF_011,NU-1000,PFHpA,,,,,10.1021/acs.chemmater.1c00324,False,False,False,ART_026,,,,PFAS_020
EXP_0167,Adsorption,MOF_022,PFAS_MOF_002,NU-1000,PFOA,,,,,10.1021/acs.chemmater.1c00324,False,False,False,ART_026,,,,PFAS_156
EXP_0168,Adsorption,MOF_022,PFAS_MOF_004,NU-1000,PFNA,604.0,,,,10.1021/acs.chemmater.1c00324,True,False,True,ART_026,,,,PFAS_155
EXP_0169,Adsorption,MOF_022,PFAS_MOF_002,NU-1000,PFOA,1089.0,90.0,,Freundlich,10.1021/acs.chemmater.5c00246,True,True,True,ART_027,,,0.016667,PFAS_156
EXP_0170,Adsorption,MOF_022,PFAS_MOF_014,NU-1000,PFPeA,,,,,10.1021/acs.chemmater.5c00246,False,False,False,ART_027,,,,PFAS_128
EXP_0171,Adsorption,MOF_022,PFAS_MOF_032,NU-1000,PFPrA,,,,,10.1021/acs.chemmater.5c00246,False,False,False,ART_027,,,,PFAS_163
EXP_0172,Adsorption,MOF_053,PFAS_MOF_002,NU-F,PFOA,,90.0,,Freundlich,10.1021/acs.chemmater.5c00246,False,True,True,ART_027,,,,PFAS_156
EXP_0173,Adsorption,MOF_054,PFAS_MOF_002,NU-PF,PFOA,,,,Freundlich,10.1021/acs.chemmater.5c00246,False,False,False,ART_027,,,,PFAS_156
EXP_0174,Adsorption,MOF_022,PFAS_MOF_023,NU-1000,PFCA,,,,,10.1021/acs.est.1c03974,False,False,False,ART_028,,,0.5,PFAS_MOF_023
EXP_0175,Adsorption,MOF_022,PFAS_MOF_024,NU-1000,PFSA,,,,,10.1021/acs.est.1c03974,False,False,False,ART_028,,,0.5,PFAS_MOF_024
EXP_0176,Adsorption,MOF_022,PFAS_MOF_025,NU-1000,FTS,,,,,10.1021/acs.est.1c03974,False,False,False,ART_028,,,0.5,PFAS_MOF_025
EXP_0177,Adsorption,MOF_022,PFAS_MOF_026,NU-1000,FTCA,,,,,10.1021/acs.est.1c03974,False,False,False,ART_028,,,0.5,PFAS_MOF_026
EXP_0178,Adsorption,MOF_022,PFAS_MOF_027,NU-1000,FASAA,,,,,10.1021/acs.est.1c03974,False,False,False,ART_028,,,0.5,PFAS_MOF_027
EXP_0179,Adsorption,MOF_022,PFAS_MOF_028,NU-1000,FASA,,,,,10.1021/acs.est.1c03974,False,False,False,ART_028,,,0.5,PFAS_MOF_028
EXP_0180,Adsorption,MOF_022,PFAS_MOF_029,NU-1000,MeFASA,,,,,10.1021/acs.est.1c03974,False,False,False,ART_028,,,0.5,PFAS_203
EXP_0181,Adsorption,MOF_022,PFAS_MOF_030,NU-1000,Am-Pr-FASA,,,,,10.1021/acs.est.1c03974,False,False,False,ART_028,,,0.5,PFAS_204
EXP_0182,Adsorption,MOF_004,PFAS_MOF_023,UiO-66,PFCA,,58.0,,,10.1021/acs.est.1c03974,False,True,True,ART_028,,,48.0,PFAS_MOF_023
EXP_0183,Adsorption,MOF_004,PFAS_MOF_024,UiO-66,PFSA,,58.0,,,10.1021/acs.est.1c03974,False,True,True,ART_028,,,48.0,PFAS_MOF_024
EXP_0184,Adsorption,MOF_004,PFAS_MOF_025,UiO-66,FTS,,58.0,,,10.1021/acs.est.1c03974,False,True,True,ART_028,,,48.0,PFAS_MOF_025
EXP_0185,Adsorption,MOF_004,PFAS_MOF_026,UiO-66,FTCA,,58.0,,,10.1021/acs.est.1c03974,False,True,True,ART_028,,,48.0,PFAS_MOF_026
EXP_0186,Adsorption,MOF_004,PFAS_MOF_027,UiO-66,FASAA,,58.0,,,10.1021/acs.est.1c03974,False,True,True,ART_028,,,48.0,PFAS_MOF_027
EXP_0187,Adsorption,MOF_004,PFAS_MOF_028,UiO-66,FASA,,58.0,,,10.1021/acs.est.1c03974,False,True,True,ART_028,,,48.0,PFAS_MOF_028
EXP_0188,Adsorption,MOF_004,PFAS_MOF_029,UiO-66,MeFASA,,,,,10.1021/acs.est.1c03974,False,False,False,ART_028,,,48.0,PFAS_203
EXP_0189,Adsorption,MOF_004,PFAS_MOF_030,UiO-66,Am-Pr-FASA,,58.0,,,10.1021/acs.est.1c03974,False,True,True,ART_028,,,48.0,PFAS_204
EXP_0190,Adsorption,MOF_011,PFAS_MOF_023,ZIF-8,PFCA,,,,,10.1021/acs.est.1c03974,False,False,False,ART_028,,,48.0,PFAS_MOF_023
EXP_0191,Adsorption,MOF_011,PFAS_MOF_024,ZIF-8,PFSA,,,,,10.1021/acs.est.1c03974,False,False,False,ART_028,,,48.0,PFAS_MOF_024
EXP_0192,Adsorption,MOF_011,PFAS_MOF_025,ZIF-8,FTS,,,,,10.1021/acs.est.1c03974,False,False,False,ART_028,,,48.0,PFAS_MOF_025
EXP_0193,Adsorption,MOF_011,PFAS_MOF_026,ZIF-8,FTCA,,,,,10.1021/acs.est.1c03974,False,False,False,ART_028,,,48.0,PFAS_MOF_026
EXP_0194,Adsorption,MOF_011,PFAS_MOF_027,ZIF-8,FASAA,,,,,10.1021/acs.est.1c03974,False,False,False,ART_028,,,48.0,PFAS_MOF_027
EXP_0195,Adsorption,MOF_011,PFAS_MOF_028,ZIF-8,FASA,,,,,10.1021/acs.est.1c03974,False,False,False,ART_028,,,48.0,PFAS_MOF_028
EXP_0196,Adsorption,MOF_011,PFAS_MOF_029,ZIF-8,MeFASA,,,,,10.1021/acs.est.1c03974,False,False,False,ART_028,,,48.0,PFAS_203
EXP_0197,Adsorption,MOF_011,PFAS_MOF_030,ZIF-8,Am-Pr-FASA,,,,,10.1021/acs.est.1c03974,False,False,False,ART_028,,,48.0,PFAS_204
EXP_0198,Adsorption,MOF_015,PFAS_MOF_002,MIL-101(Cr),PFOA,,,,Langmuir and Freundlich,10.1021/acs.est.5b00802,False,False,False,ART_029,,,1.0,PFAS_156
EXP_0199,Adsorption,MOF_055,PFAS_MOF_002,MIL-101(Cr)-DMEN,PFOA,782.5923,,,Langmuir and Freundlich,10.1021/acs.est.5b00802,True,False,True,ART_029,,,1.0,PFAS_156
EXP_0200,Adsorption,MOF_056,PFAS_MOF_002,MIL-101(Cr)-NH2,PFOA,289.849,,,Langmuir and Freundlich,10.1021/acs.est.5b00802,True,False,True,ART_029,,,1.0,PFAS_156
EXP_0201,Adsorption,MOF_057,PFAS_MOF_002,MIL-101(Cr)-NMe,PFOA,492.7433,,,Langmuir and Freundlich,10.1021/acs.est.5b00802,True,False,True,ART_029,,,1.0,PFAS_156
EXP_0202,Adsorption,MOF_058,PFAS_MOF_002,MIL-101(Cr)-QDMEN,PFOA,782.5923,,,Langmuir and Freundlich,10.1021/acs.est.5b00802,True,False,True,ART_029,,,1.0,PFAS_156
EXP_0203,Adsorption,MOF_059,PFAS_MOF_002,Zr-MOF-1,PFOA,335.4,,,,10.1021/acs.iecr.5c00232,True,False,True,ART_030,,,,PFAS_156
EXP_0204,Adsorption,MOF_060,PFAS_MOF_002,Zr-MOF-2,PFOA,,,,,10.1021/acs.iecr.5c00232,False,False,False,ART_030,,,,PFAS_156
EXP_0205,Adsorption,MOF_061,PFAS_MOF_007,Cr-MIL-101,PFOS,,,,,10.1021/acs.inorgchem.9b00380,False,False,False,ART_031,,,40.0,PFAS_054
EXP_0206,Adsorption,MOF_062,PFAS_MOF_007,Fe-MIL-101,PFOS,,,,,10.1021/acs.inorgchem.9b00380,False,False,False,ART_031,,,,PFAS_054
EXP_0207,Adsorption,MOF_038,PFAS_MOF_001,MOF-808,PFBS,,,,,10.1021/acs.jchemed.2c00910,False,False,False,ART_032,,,2.0,PFAS_098
EXP_0208,Adsorption,MOF_063,PFAS_MOF_002,F-UiO-67-100%,PFOA,,,,,10.1021/acs.jpcc.2c07737,False,False,False,ART_033,,,,PFAS_156
EXP_0209,Adsorption,MOF_064,PFAS_MOF_002,F-UiO-67-25%,PFOA,,,,,10.1021/acs.jpcc.2c07737,False,False,False,ART_033,,,,PFAS_156
EXP_0210,Adsorption,MOF_065,PFAS_MOF_002,F-UiO-67-50%,PFOA,,,,,10.1021/acs.jpcc.2c07737,False,False,False,ART_033,,,,PFAS_156
EXP_0211,Adsorption,MOF_066,PFAS_MOF_002,F-UiO-67-75%,PFOA,,,,,10.1021/acs.jpcc.2c07737,False,False,False,ART_033,,,,PFAS_156
EXP_0212,Adsorption,MOF_022,PFAS_MOF_002,NU-1000,PFOA,,,,,10.1021/acs.jpcc.2c07737,False,False,False,ART_033,,,,PFAS_156
EXP_0213,Adsorption,MOF_067,PFAS_MOF_002,NU-1000-PF,PFOA,,,,,10.1021/acs.jpcc.2c07737,False,False,False,ART_033,,,,PFAS_156
EXP_0214,Adsorption,MOF_068,PFAS_MOF_002,SIFSIX-1-Cu,PFOA,,,,,10.1021/acs.jpcc.2c07737,False,False,False,ART_033,,,,PFAS_156
EXP_0215,Adsorption,MOF_069,PFAS_MOF_002,UiO-67,PFOA,,,,,10.1021/acs.jpcc.2c07737,False,False,False,ART_033,,,,PFAS_156
EXP_0216,Adsorption,MOF_070,PFAS_MOF_002,zeolite Beta,PFOA,,,,,10.1021/acs.jpcc.2c07737,False,False,False,ART_033,,,,PFAS_156
EXP_0217,Adsorption,MOF_071,PFAS_MOF_002,Zn(C H F O),PFOA,,,,,10.1021/acs.jpcc.2c07737,False,False,False,ART_033,,,,PFAS_156
EXP_0218,Adsorption,MOF_069,PFAS_MOF_007,UiO-67,PFOS,,,,,10.1021/acs.langmuir.2c03209,False,False,False,ART_034,,,,PFAS_054
EXP_0219,Adsorption,MOF_010,PFAS_MOF_007,ZIF-67,PFOS,,,,,10.1021/acs.langmuir.2c03209,False,False,False,ART_034,,,,PFAS_054
EXP_0220,Adsorption,MOF_011,PFAS_MOF_007,ZIF-8,PFOS,0.44,98.0,,Freundlich,10.1021/acs.langmuir.2c03209,True,True,True,ART_034,,,4.0,PFAS_054
EXP_0221,Adsorption,MOF_072,PFAS_MOF_007,ZIF-8@Cu,PFOS,0.08,95.0,,Freundlich,10.1021/acs.langmuir.2c03209,True,True,True,ART_034,,,4.0,PFAS_054
EXP_0222,Adsorption,MOF_026,PFAS_MOF_007,ZIF-L,PFOS,,,,,10.1021/acs.langmuir.2c03209,False,False,False,ART_034,,,24.0,PFAS_054
EXP_0223,Adsorption,MOF_073,PFAS_MOF_033,UiO-66-F,carbamazepine,,,,Langmuir,10.1021/acsanm.0c03050,False,False,False,ART_035,,,,
EXP_0224,Adsorption,MOF_007,PFAS_MOF_033,UiO-66-NH2,carbamazepine,,,,Langmuir,10.1021/acsanm.0c03050,False,False,False,ART_035,,,,
EXP_0225,Adsorption,MOF_074,PFAS_MOF_007,PA-MOF,PFOS,102.0,,,Double-Langmuir,10.1021/acsapm.5c02791,True,False,True,ART_036,,,,PFAS_054
EXP_0226,Adsorption,MOF_074,PFAS_MOF_002,PA-MOF,PFOA,30.8,,,Sips,10.1021/acsapm.5c02791,True,False,True,ART_036,,,,PFAS_156
EXP_0227,Adsorption,MOF_007,PFAS_MOF_007,UiO-66-NH2,PFOS,102.0,,,Double-Langmuir,10.1021/acsapm.5c02791,True,False,True,ART_036,,,,PFAS_054
EXP_0228,Adsorption,MOF_007,PFAS_MOF_002,UiO-66-NH2,PFOA,30.8,,,Sips,10.1021/acsapm.5c02791,True,False,True,ART_036,,,,PFAS_156
EXP_0229,Adsorption,MOF_075,PFAS_MOF_002,H:MIL-101(Fe),PFOA,139.3,100.0,,Langmuir,10.1021/acsestengg.4c00932,True,True,True,ART_037,,,0.5,PFAS_156
EXP_0230,Adsorption,MOF_075,PFAS_MOF_019,H:MIL-101(Fe),GenX,11.8,96.4,,,10.1021/acsestengg.4c00932,True,True,True,ART_037,,,0.5,PFAS_076
EXP_0231,Adsorption,MOF_075,PFAS_MOF_003,H:MIL-101(Fe),PFBA,11.8,,,,10.1021/acsestengg.4c00932,True,False,True,ART_037,,,0.5,PFAS_084
EXP_0232,Adsorption,MOF_075,PFAS_MOF_001,H:MIL-101(Fe),PFBS,,,,,10.1021/acsestengg.4c00932,False,False,False,ART_037,,,,PFAS_098
EXP_0233,Adsorption,MOF_075,PFAS_MOF_007,H:MIL-101(Fe),PFOS,139.3,,,Langmuir,10.1021/acsestengg.4c00932,True,False,True,ART_037,,,0.5,PFAS_054
EXP_0234,Adsorption,MOF_075,PFAS_MOF_004,H:MIL-101(Fe),PFNA,,,,,10.1021/acsestengg.4c00932,False,False,False,ART_037,,,0.5,PFAS_155
EXP_0235,Adsorption,MOF_075,PFAS_MOF_010,H:MIL-101(Fe),PFHxA,,,,,10.1021/acsestengg.4c00932,False,False,False,ART_037,,,,PFAS_053
EXP_0236,Adsorption,MOF_076,PFAS_MOF_002,H:NH2-MIL-101(Fe),PFOA,139.3,,,Langmuir,10.1021/acsestengg.4c00932,True,False,True,ART_037,,,0.5,PFAS_156
EXP_0237,Adsorption,MOF_017,PFAS_MOF_002,MIL-101(Fe),PFOA,,62.5,,Langmuir,10.1021/acsestengg.4c00932,False,True,True,ART_037,,,0.5,PFAS_156
EXP_0238,Adsorption,MOF_077,PFAS_MOF_002,MIL-68(In)-NH2,PFOA,,,,,10.1021/acsestwater.2c00078,False,False,False,ART_038,,,,PFAS_156
EXP_0239,Adsorption,MOF_078,PFAS_MOF_002,MIP-206,PFOA,395.0,,,Langmuir,10.1021/acsmaterialslett.6c00186,True,False,True,ART_039,,,,PFAS_156
EXP_0240,Adsorption,MOF_078,PFAS_MOF_031,MIP-206,TFA,,,,,10.1021/acsmaterialslett.6c00186,False,False,False,ART_039,,,,PFAS_205
EXP_0241,Adsorption,MOF_078,PFAS_MOF_003,MIP-206,PFBA,,,,,10.1021/acsmaterialslett.6c00186,False,False,False,ART_039,,,,PFAS_084
EXP_0242,Adsorption,MOF_079,PFAS_MOF_002,MIP-206-OH,PFOA,,,,Langmuir,10.1021/acsmaterialslett.6c00186,False,False,False,ART_039,,,,PFAS_156
EXP_0243,Adsorption,MOF_079,PFAS_MOF_031,MIP-206-OH,TFA,,,,,10.1021/acsmaterialslett.6c00186,False,False,False,ART_039,,,,PFAS_205
EXP_0244,Adsorption,MOF_079,PFAS_MOF_003,MIP-206-OH,PFBA,,,,,10.1021/acsmaterialslett.6c00186,False,False,False,ART_039,,,,PFAS_084
