:ID,:LABEL,Name,CAS_RN,SMILES,StdInChIKey,PubChem_CID,DTXSID,Molecular_Formula,logKow,logKow_predicted,n_F_atoms,MW,functional_group,chain_length,Ether_Linkage,HeavyAtomCount,HBD,HBA,RotatableBonds,TPSA,Fsp3,logP_rdkit,MolMR,QED,NumCl,NumBr,NumN,NumO,NumS,BertzCT,Kappa1,Kappa2,Kappa3,ExposureScore_Water_KEMI,HazScore_EcoChronic_KEMI,ValidationLevel_KEMI,pKa,node_type,CMC (mg/L)
PFAS_001,PFAS,Perfluoro(2-methylpent-2-ene),1584-03-8,FC(=C(C(F)(F)F)C(F)(F)F)C(F)(F)C(F)(F)F,FAEGGADNHFKDQX-UHFFFAOYSA-N,74105.0,DTXSID00166413,C6F12,4.91,4.91,12.0,299.9808,Alkene/Vinyl,7.0,no,18.0,0.0,0.0,1.0,0.0,0.6667,4.5322,31.246,0.624,0.0,0.0,0.0,0.0,0.0,319.0498,16.9,4.2264,3.2201,0.2,0.02,2.0,,compound,
PFAS_002,PFAS,8H-Perfluorooctane,335-65-9,FC(F)C(F)(F)C(F)(F)C(F)(F)C(F)(F)C(F)(F)C(F)(F)C(F)(F)F,KBHBUUBXEQUIMV-UHFFFAOYSA-N,101652.0,DTXSID00187143,C8H1F17,5.56,5.56,17.0,419.9807,Perfluoroalkane,8.0,no,25.0,0.0,0.0,6.0,0.0,1.0,5.6256,41.741,0.4895,0.0,0.0,0.0,0.0,0.0,481.3665,23.81,5.6531,2.8561,0.2,0.01,3.0,,compound,
PFAS_003,PFAS,Perfluorohept-1-ene,355-63-5,FC(F)=C(F)C(F)(F)C(F)(F)C(F)(F)C(F)(F)C(F)(F)F,CDAVUOSPHHTNBU-UHFFFAOYSA-N,67737.0,DTXSID00188998,C7F14,5.1,5.1,14.0,349.9776,Alkene/Vinyl,6.0,no,21.0,0.0,0.0,4.0,0.0,0.7143,5.1675,36.193,0.6142,0.0,0.0,0.0,0.0,0.0,421.0937,19.76,4.8973,2.6303,0.2,0.08,2.0,,compound,
PFAS_004,PFAS,Dichloromethyl((perfluorohexyl)ethyl)silane,73609-36-6,FC(F)(F)C(F)(F)C(F)(F)C(F)(F)C(F)(F)C(F)(F)CC[SiH2]C(Cl)Cl,VBDMVWQNRXVEGC-UHFFFAOYSA-N,123573.0,DTXSID00223797,C9H7Cl2F13Si,7.1,7.1,13.0,459.9486,Perfluoroalkane,6.0,no,25.0,0.0,0.0,8.0,0.0,1.0,5.4636,64.252,0.256,2.0,0.0,0.0,0.0,0.0,458.9063,24.8869,7.1314,4.2502,0.26,0.03,5.0,,compound,
PFAS_005,PFAS,"Perfluoro-1,3-dimethylcyclohexane",335-27-3,FC(F)(F)C1(F)C(F)(F)C(F)(F)C(F)(F)C(F)(C(F)(F)F)C1(F)F,LOQGSOTUHASIHI-UHFFFAOYSA-N,78975.0,DTXSID0036926,C8F16,6.02,6.02,16.0,399.9745,Cyclic,6.0,no,24.0,0.0,0.0,0.0,0.0,1.0,5.0824,39.576,0.4979,0.0,0.0,0.0,0.0,0.0,479.176,20.9237,4.3404,1.6425,0.3,0.01,3.0,,compound,
PFAS_006,PFAS,Perfluorobutanoyl fluoride,335-42-2,O=C(C(C(C(F)(F)F)(F)F)(F)F)F,YYXWJNBPHDUWJP-UHFFFAOYSA-N,67632.0,DTXSID0041696,C4F8O1,1.27,1.27,8.0,215.9821,Acyl fluoride,2.0,no,13.0,0.0,1.0,2.0,17.07,0.75,2.3154,22.064,0.5109,0.0,0.0,0.0,1.0,0.0,214.6741,12.11,2.808,1.7264,0.28,0.13,2.0,,compound,
PFAS_007,PFAS,Perflunafene,306-94-5,FC1(F)C(F)(F)C(F)(F)C2(F)C(F)(F)C(F)(F)C(F)(F)C(F)(F)C2(F)C1(F)F,UWEYRJFJVCLAGH-UHFFFAOYSA-N,9386.0,DTXSID0046511,C10F18,5.68,5.68,18.0,461.9713,Cyclic,6.0,no,28.0,0.0,0.0,0.0,0.0,1.0,5.5126,47.254,0.4169,0.0,0.0,0.0,0.0,0.0,587.1549,23.0232,4.566,1.4595,0.47,0.01,2.0,,compound,
PFAS_008,PFAS,Perfluorooctane,307-34-6,FC(F)(F)C(F)(F)C(F)(F)C(F)(F)C(F)(F)C(F)(F)C(F)(F)C(F)(F)F,YVBBRRALBYAZBM-UHFFFAOYSA-N,9387.0,DTXSID0059794,C8F18,6.17,6.17,18.0,437.9713,Perfluoroalkane,9.0,no,26.0,0.0,0.0,5.0,0.0,1.0,5.9228,41.792,0.4679,0.0,0.0,0.0,0.0,0.0,468.2896,24.74,5.6193,2.8195,0.33,0.01,2.0,,compound,
PFAS_009,PFAS,Perfluorooctanoyl fluoride,335-66-0,O=C(C(C(C(C(C(C(C(F)(F)F)(F)F)(F)F)(F)F)(F)F)(F)F)(F)F)F,ZILWJLIFAGWGLE-UHFFFAOYSA-N,67634.0,DTXSID0059829,C8F16O1,3.94,3.94,16.0,415.9694,Acyl fluoride,2.0,no,25.0,0.0,1.0,6.0,17.07,0.875,4.8566,41.852,0.447,0.0,0.0,0.0,1.0,0.0,526.743,23.55,5.5216,2.7779,0.28,0.01,2.0,,compound,
PFAS_010,PFAS,Perfluorohexanoyl fluoride,355-38-4,O=C(F)C(F)(F)C(F)(F)C(F)(F)C(F)(F)C(F)(F)F,XATLHBQMSOZWBO-UHFFFAOYSA-N,67731.0,DTXSID0059877,C6F12O1,2.6,2.6,12.0,315.9758,Acyl fluoride,6.0,no,19.0,0.0,1.0,4.0,17.07,0.8333,3.586,31.958,0.5722,0.0,0.0,0.0,1.0,0.0,364.9061,17.83,4.1627,2.2203,0.35,0.02,2.0,,compound,
PFAS_011,PFAS,"1H,1H,5H-Perfluoropentanol",355-80-6,C(C(C(C(C(F)F)(F)F)(F)F)(F)F)O,JUGSKHLZINSXPQ-UHFFFAOYSA-N,9641.0,DTXSID0059879,C5H4F8O1,1.97,1.97,8.0,232.0134,Alcohol/Fluorotelomer,,no,14.0,1.0,1.0,4.0,20.23,1.0,2.1497,27.9308,0.736,0.0,0.0,0.0,1.0,0.0,199.9083,13.4,3.5189,1.7691,0.32,0.02,3.0,,compound,
PFAS_012,PFAS,Perfluorooctyl iodide,507-63-1,FC(C(C(C(C(F)(F)I)(F)F)(F)F)(F)F)(C(C(C(F)(F)F)(F)F)(F)F)F,KWXGJTSJUKTDQU-UHFFFAOYSA-N,10491.0,DTXSID0060147,C8F17I1,6.99,6.99,17.0,545.8773,Iodinated,3.0,no,26.0,0.0,0.0,6.0,0.0,1.0,6.3883,54.704,0.2061,0.0,0.0,0.0,0.0,0.0,473.8614,25.54,6.0168,3.0577,0.28,0.03,3.0,,compound,
PFAS_013,PFAS,N-(4-Hydroxybutyl)-N-methylperfluorooctanesulfonamide,68239-73-6,C(N([S](=O)(=O)C(F)(F)C(F)(F)C(F)(F)C(F)(F)C(F)(F)C(F)(F)C(F)(F)C(F)(F)F)C)CCCO,IARCBLTVLGDOGQ-UHFFFAOYSA-N,109919.0,DTXSID0071332,C13H12F17N1O3S1,6.49,6.49,17.0,585.0266,Sulfonamide,9.0,no,35.0,1.0,3.0,12.0,57.61,1.0,4.9874,78.5536,0.2598,0.0,0.0,1.0,3.0,1.0,851.7673,33.68,9.2086,4.6106,0.2,0.08,3.0,,compound,
PFAS_014,PFAS,Ethyl perfluorobutyl ether,163702-05-4,C(OC(F)(F)C(F)(F)C(F)(F)C(F)(F)F)C,DFUYAWQUODQGFF-UHFFFAOYSA-N,206000.0,DTXSID0073118,C6H5F9O1,3.83,3.83,9.0,264.0197,Ether,5.0,yes,16.0,0.0,1.0,4.0,9.23,1.0,3.4486,32.522,0.7065,0.0,0.0,0.0,1.0,0.0,242.874,15.33,3.9686,2.203,0.51,0.03,3.0,,compound,
PFAS_015,PFAS,Perfluoromethyldecalin,51294-16-7,FC(F)(F)C1(F)C(F)(F)C(F)(F)C(F)(F)C2(F)C(F)(F)C(F)(F)C(F)(F)C(F)(F)C12F,LWRNQOBXRHWPGE-UHFFFAOYSA-N,39977.0,DTXSID00871631,C11F20,6.47,6.47,20.0,511.9681,Cyclic,8.0,no,31.0,0.0,0.0,0.0,0.0,1.0,6.1479,52.201,0.3422,0.0,0.0,0.0,0.0,0.0,779.438,25.8572,5.2206,1.7808,0.2,,2.0,,compound,
PFAS_016,PFAS,"3-((Perfluorooctylsulfonyl)-2-hydroxy-3-sulfopropylamino)-N-(2-hydroxyethyl)-N,N-dimethyl-1-propanaminium  monosodium hydroxide",94133-91-2,[OH-].[Na+].C[N+](C)(CCO)CCCN(CC(O)CS([O-])(=O)=O)S(=O)(=O)C(F)(F)C(F)(F)C(F)(F)C(F)(F)C(F)(F)C(F)(F)C(F)(F)C(F)(F)F,WGHCYEUUCUZEBW-UHFFFAOYSA-M,138394915.0,DTXSID00881331,C18H24F17N2NaO8S2,,,17.0,806.06,Sulfonic acid/Sulfonate,9.0,yes,48.0,2.0,8.0,18.0,165.04,1.0,-0.2228,117.2288,0.0832,0.0,0.0,2.0,8.0,2.0,1282.406,51.8359,15.6033,9.4649,0.24,0.08,,,compound,
PFAS_017,PFAS,"Ammonium perfluoro[(5-methoxy-1,3-dioxolan-4-yl)oxy]acetate",1190931-27-1,[NH4+].[O-]C(=O)C(F)(F)OC1(F)OC(F)(F)OC1(F)OC(F)(F)F,JVXDZDPWHUBMPI-UHFFFAOYSA-N,,DTXSID00882626,C6H4F9NO6,,,9.0,356.9895,Carboxylic acid,4.0,yes,22.0,1.0,6.0,4.0,113.55,0.8333,1.102,38.9588,0.7541,0.0,0.0,1.0,6.0,0.0,442.8031,20.64,5.3723,4.094,0.34,0.04,,,compound,
PFAS_018,PFAS,"Perfluoro-2,5-dimethyl-3,6-dioxanonanoic acid",13252-14-7,OC(=O)C(F)(OC(F)(F)C(F)(OC(F)(F)C(F)(F)C(F)(F)F)C(F)(F)F)C(F)(F)F,OIVQVBDAMYDDEM-UHFFFAOYSA-N,93076.0,DTXSID00892442,C9H1F17O4,5.55,5.55,17.0,495.9603,Carboxylic acid,9.0,yes,30.0,1.0,3.0,7.0,55.76,0.8889,4.9436,50.4898,0.5079,0.0,0.0,0.0,4.0,0.0,647.085,28.2,7.1225,4.4422,0.2,0.09,2.0,,compound,
PFAS_019,PFAS,N-Ethylperfluorooctane sulfonamide (N-EtFOSA),4151-50-2,FC(F)(C(F)(F)C(F)(F)C(F)(F)C(F)(F)C(F)(F)C(F)(F)C(F)(F)F)S(=O)(=O)NCC,CCEKAJIANROZEO-UHFFFAOYSA-N,77797.0,DTXSID1032646,C10H6F17N1O2S1,6.76,6.76,17.0,526.9848,Sulfonamide,8.0,no,31.0,1.0,2.0,9.0,46.17,1.0,4.8926,63.2805,0.4346,0.0,0.0,1.0,2.0,1.0,768.272,29.72,7.3702,3.6727,0.38,0.06,2.0,,compound,
PFAS_020,PFAS,Perfluoroheptanoic acid (PFHpA),375-85-9,O=C(O)C(F)(F)C(F)(F)C(F)(F)C(F)(F)C(F)(F)C(F)(F)F,ZWBAMYVPMDSJGQ-UHFFFAOYSA-N,67818.0,DTXSID1037303,C7H1F13O2,4.15,4.15,13.0,363.9769,Carboxylic acid,7.0,yes,22.0,1.0,1.0,5.0,37.3,0.8571,3.8098,38.4258,0.7539,0.0,0.0,0.0,2.0,0.0,447.7952,20.56,4.7761,2.33,0.21,0.02,2.0,,compound,
PFAS_021,PFAS,2-(N-Methylperfluorooctanesulfonamido)acetic acid (MeFOSAA),2355-31-9,FC(F)(C(F)(F)C(F)(F)C(F)(F)C(F)(F)C(F)(F)C(F)(F)C(F)(F)F)S(=O)(=O)N(C)CC(O)=O,QNDHIRFIMVNHBN-UHFFFAOYSA-N,22286931.0,DTXSID10624392,C11H6F17N1O4S1,5.73,5.73,17.0,570.9746,Sulfonamide,8.0,yes,34.0,1.0,3.0,10.0,74.68,0.9091,4.2995,69.8696,0.3975,0.0,0.0,1.0,4.0,1.0,893.6377,32.19,8.1142,4.0003,0.06,0.06,4.0,,compound,
PFAS_022,PFAS,(Perfluorododecyl)ethyl methacrylate,6014-75-1,C(C(C(C(C(C(C(C(C(C(C(C(C(F)(F)F)(F)F)(F)F)(F)F)(F)F)(F)F)(F)F)(F)F)(F)F)(F)F)(F)F)(F)F)COC(=O)C(=C)C,LFEGLDRNIDJMKB-UHFFFAOYSA-N,111129.0,DTXSID1064083,C18H9F25O2,10.33,10.33,25.0,732.0203,Ester,2.0,yes,45.0,0.0,2.0,14.0,26.3,0.8333,9.0464,90.862,0.1013,0.0,0.0,0.0,2.0,0.0,1113.5407,42.46,11.0251,5.5905,0.31,0.08,3.0,,compound,
PFAS_023,PFAS,Perfluorooctadecanoic acid (PFODA),16517-11-6,O=C(C(C(C(C(C(C(C(C(C(C(C(C(C(C(C(C(C(F)(F)F)(F)F)(F)F)(F)F)(F)F)(F)F)(F)F)(F)F)(F)F)(F)F)(F)F)(F)F)(F)F)(F)F)(F)F)(F)F)(F)F)O,ZTSDOGSKTICNPQ-UHFFFAOYSA-N,167547.0,DTXSID1066071,C18H1F35O2,11.51,11.51,35.0,913.9418,Carboxylic acid,2.0,no,55.0,1.0,1.0,16.0,37.3,0.9444,10.7981,92.8428,0.1567,0.0,0.0,0.0,2.0,0.0,1442.9372,52.02,12.2647,5.672,0.17,0.01,3.0,,compound,
PFAS_024,PFAS,(Perfluorodecanyl)ethylsulfonyl chloride,27619-91-6,C([S](Cl)(=O)=O)CC(F)(F)C(F)(F)C(F)(F)C(F)(F)C(F)(F)C(F)(F)C(F)(F)C(F)(F)C(F)(F)C(F)(F)F,WYMPCOCJUKZUBF-UHFFFAOYSA-N,119687.0,DTXSID1067330,C12H4Cl1F21O2S1,8.99,8.99,21.0,645.9285,Perfluoroalkane,11.0,no,37.0,0.0,2.0,11.0,34.14,1.0,7.2251,74.8348,0.1756,1.0,0.0,0.0,2.0,1.0,949.0669,35.77,8.8941,4.9593,0.2,0.08,3.0,,compound,
PFAS_025,PFAS,N-Methylperfluorooctanesulfonamide (N-MeFOSA),31506-32-8,FC(F)(C(F)(F)C(F)(F)C(F)(F)C(F)(F)C(F)(C(F)(F)F)F)C(F)(F)S(=O)(NC)=O,SRMWNTGHXHOWBT-UHFFFAOYSA-N,3034468.0,DTXSID1067629,C9H4F17N1O2S1,6.27,6.27,17.0,512.9691,Sulfonamide,7.0,no,30.0,1.0,2.0,8.0,46.17,1.0,4.5025,58.6635,0.4865,0.0,0.0,1.0,2.0,1.0,751.6807,28.72,6.8579,3.2524,0.29,0.02,2.0,,compound,
PFAS_026,PFAS,2-(Perfluorobutyl)ethyl acrylate,52591-27-2,C(C(C(C(C(F)(F)F)(F)F)(F)F)(F)F)COC(C=C)=O,GYUPEJSTJSFVRR-UHFFFAOYSA-N,104247.0,DTXSID1068772,C9H7F9O2,4.43,4.43,9.0,318.0302,Ester,2.0,yes,20.0,0.0,2.0,6.0,26.3,0.6667,3.5739,46.669,0.4251,0.0,0.0,0.0,2.0,0.0,372.1047,18.58,5.5232,3.3657,0.2,0.01,3.0,,compound,
PFAS_027,PFAS,N-Ethyl--N-[2-(phosphonooxy)ethyl]perfluoroheptanesulfonamide,67923-61-9,C(N([S](=O)(=O)C(F)(F)C(F)(F)C(F)(F)C(F)(F)C(F)(F)C(F)(F)C(F)(F)F)CCO[P](=O)(O)O)C,FANHPMCIAHYLOD-UHFFFAOYSA-N,106151.0,DTXSID1070854,C11H11F15N1O6P1S1,5.25,5.25,15.0,600.9805,Sulfonamide,8.0,yes,35.0,2.0,4.0,12.0,104.14,1.0,4.079,79.8999,0.2584,0.0,0.0,1.0,6.0,1.0,914.8473,33.97,9.3699,5.3378,0.2,0.08,3.0,,compound,
PFAS_028,PFAS,N-(2-Hydroxyethyl)-N-methylperfluorohexanesulfonamide,68555-75-9,C(N([S](=O)(=O)C(F)(F)C(F)(F)C(F)(F)C(F)(F)C(F)(F)C(F)(F)F)C)CO,UYIBZOUSVFOPJK-UHFFFAOYSA-N,110556.0,DTXSID1071664,C9H8F13N1O3S1,4.17,4.17,13.0,457.0017,Sulfonamide,7.0,no,27.0,1.0,3.0,8.0,57.61,1.0,2.9366,59.4256,0.5709,0.0,0.0,1.0,3.0,1.0,641.906,25.96,6.7836,3.4274,0.3,0.13,3.0,,compound,
PFAS_029,PFAS,Perfluorobutane sulfonamido amine,68555-77-1,CN(C)CCCNS(=O)(=O)C(F)(F)C(F)(F)C(F)(F)C(F)(F)F,XMRMVBVJGSKMEN-UHFFFAOYSA-N,110558.0,DTXSID1071666,C9H13F9N2O2S1,3.78,3.78,9.0,384.0554,Sulfonamide,5.0,no,23.0,1.0,3.0,8.0,49.41,1.0,2.2832,60.9895,0.5162,0.0,0.0,2.0,2.0,1.0,501.6412,22.24,6.6252,4.2053,0.24,,2.0,,compound,
PFAS_030,PFAS,Bis(2-hydroxyethyl)ammonium perfluorohexanesulfonate,70225-16-0,OCC[NH2+]CCO.[O-]S(=O)(=O)C(F)(F)C(F)(F)C(F)(F)C(F)(F)C(F)(F)C(F)(F)F,VAWRKOLUZUTBLC-UHFFFAOYSA-N,,DTXSID1072050,C10H12F13NO5S,,,13.0,505.0229,Sulfonic acid/Sulfonate,7.0,yes,30.0,3.0,5.0,9.0,114.27,1.0,0.7623,66.3182,0.2435,0.0,0.0,1.0,5.0,1.0,645.1861,31.0688,9.5698,5.5647,0.24,0.08,,,compound,
PFAS_031,PFAS,Bis(2-hydroxyethyl)ammonium perfluorobutanesulfonate,70225-18-2,OCC[NH2+]CCO.[O-]S(=O)(=O)C(F)(F)C(F)(F)C(F)(F)C(F)(F)F,HOHGVZJHMJGPDP-UHFFFAOYSA-N,,DTXSID1072052,C8H12F9NO5S,,,9.0,405.0292,Sulfonic acid/Sulfonate,5.0,yes,24.0,3.0,5.0,7.0,114.27,1.0,-0.5083,56.4242,0.3001,0.0,0.0,1.0,5.0,1.0,474.8203,25.4008,8.5029,5.608,0.24,0.08,,,compound,
PFAS_032,PFAS,"3-(Perfluorooctanesulfonamido)-N,N,N-trimethylpropan-1-aminium",70225-25-1,C(N[S](=O)(=O)C(F)(F)C(F)(F)C(F)(F)C(F)(F)C(F)(F)C(F)(F)C(F)(F)C(F)(F)F)CC[N+](C)(C)C.C(N[S](=O)(=O)C(F)(F)C(F)(F)C(F)(F)C(F)(F)C(F)(F)C(F)(F)C(F)(F)C(F)(F)F)CC[N+](C)(C)C.O=[S]([O-])([O-])=O,FGTDPZOJJFPWCB-UHFFFAOYSA-N,84097.0,DTXSID10859667,C14H16F17N2O2S1,5.49,5.49,34.0,1294.0839,Sulfonic acid/Sulfonate,18.0,yes,77.0,2.0,8.0,24.0,172.6,1.0,8.6,180.7204,0.0318,0.0,0.0,4.0,8.0,3.0,2172.7241,78.457,22.1849,14.6543,0.23,0.08,7.0,,compound,
PFAS_033,PFAS,Perfluoro-1-(perfluoroethyl)cyclohexanesulfonic acid,1135682-88-0,[K+].C1(C(C(C(C(C1(F)F)(F)F)(F)F)(F)F)(F)F)(S(=O)(=O)[O-])C(C(F)(F)F)(F)F,AGFWEBMALSMQMX-UHFFFAOYSA-N,163145.0,DTXSID10892473,C8H1F15O3S1,2.5,2.5,15.0,499.8966,Sulfonic acid/Sulfonate,2.0,yes,28.0,0.0,3.0,2.0,57.2,1.0,0.6621,48.1652,0.3185,0.0,0.0,0.0,3.0,1.0,708.8752,28.4964,6.5,2.5934,0.29,0.02,5.0,,compound,
PFAS_034,PFAS,"1,6-Divinylperfluorohexane",1800-91-5,FC(F)(C=C)C(F)(F)C(F)(F)C(F)(F)C(F)(F)C(F)(F)C=C,PDFSXHZXNZCKNF-UHFFFAOYSA-N,102163.0,DTXSID20170895,C10H6F12,6.64,6.64,12.0,354.0278,Alkene/Vinyl,5.0,no,22.0,0.0,0.0,7.0,0.0,0.6,5.1702,50.076,0.4371,0.0,0.0,0.0,0.0,0.0,404.8233,20.64,5.083,2.3539,0.24,0.06,3.0,,compound,
PFAS_035,PFAS,1H-Perfluorohexane,355-37-3,FC(F)C(F)(F)C(F)(F)C(F)(F)C(F)(F)C(F)(F)F,XJSRKJAHJGCPGC-UHFFFAOYSA-N,67730.0,DTXSID20188995,C6H1F13,4.22,4.22,13.0,319.9871,Perfluoroalkane,6.0,no,19.0,0.0,0.0,4.0,0.0,1.0,4.355,31.847,0.6755,0.0,0.0,0.0,0.0,0.0,322.5154,18.09,4.2965,2.3049,0.31,0.01,2.0,,compound,
PFAS_036,PFAS,Perfluoroethane,76-16-4,FC(F)(F)C(F)(F)F,WMIYKQLTONQJES-UHFFFAOYSA-N,6431.0,DTXSID2041915,C2F6,2.15,2.15,6.0,137.9904,Perfluoroalkane,3.0,no,8.0,0.0,0.0,0.0,0.0,1.0,2.111,12.11,0.4494,0.0,0.0,0.0,0.0,0.0,61.5098,7.58,1.5278,1.59,0.42,,2.0,,compound,
PFAS_037,PFAS,1-(Perfluorohexyl)octane,133331-77-8,FC(F)(C(F)(F)C(F)(F)F)C(F)(F)C(F)(F)C(F)(F)CCCCCCCC,WRYIIOKOQSICTB-UHFFFAOYSA-N,10477896.0,DTXSID20440585,C14H17F13,8.82,8.82,13.0,432.1123,Perfluoroalkane,6.0,no,27.0,0.0,0.0,11.0,0.0,1.0,7.4758,68.783,0.2347,0.0,0.0,0.0,0.0,0.0,464.1223,26.09,8.219,4.7459,0.35,0.01,4.0,,compound,
PFAS_038,PFAS,"1H,1H,2H,2H-Perfluorooctyl iodide",2043-57-4,C(C(C(C(C(C(C(F)(F)F)(F)F)(F)F)(F)F)(F)F)(F)F)CI,NVVZEKTVIXIUKW-UHFFFAOYSA-N,74888.0,DTXSID2047565,C8H4F13I1,6.63,6.63,13.0,473.915,Iodinated,2.0,no,22.0,0.0,0.0,6.0,0.0,1.0,5.5503,54.294,0.2694,0.0,0.0,0.0,0.0,0.0,395.3345,21.82,5.718,2.9454,0.36,0.01,3.0,,compound,
PFAS_039,PFAS,Ethyl perfluoropropionate,426-65-3,CCOC(=O)C(F)(F)C(F)(F)F,DBOFMRQAMAZKQY-UHFFFAOYSA-N,67928.0,DTXSID2059980,C5H5F5O2,2.25,2.25,5.0,192.021,Ester,3.0,yes,12.0,0.0,2.0,2.0,26.3,0.8,1.7471,27.635,0.4917,0.0,0.0,0.0,2.0,0.0,173.1676,11.12,3.2392,2.0516,0.2,0.01,2.0,,compound,
PFAS_040,PFAS,"1-Iodo-1H,1H,2H,2H-perfluorotetradecane",30046-31-2,C(C(C(C(C(C(C(C(C(C(C(C(C(F)(F)F)(F)F)(F)F)(F)F)(F)F)(F)F)(F)F)(F)F)(F)F)(F)F)(F)F)(F)F)CI,DBXLDZXWSFMBRB-UHFFFAOYSA-N,121613.0,DTXSID2067535,C14H4F25I1,10.65,10.65,25.0,773.8959,Iodinated,2.0,no,40.0,0.0,0.0,12.0,0.0,1.0,9.3621,83.976,0.1055,0.0,0.0,0.0,0.0,0.0,908.9671,38.98,9.7517,4.6032,0.24,0.02,3.0,,compound,
PFAS_041,PFAS,Perfluoroheptane sulfonamido amine,67584-54-7,C(N[S](=O)(=O)C(F)(F)C(F)(F)C(F)(F)C(F)(F)C(F)(F)C(F)(F)C(F)(F)F)CCN(C)C,RFJQYRXZGNILIY-UHFFFAOYSA-N,105446.0,DTXSID2070506,C12H13F15N2O2S1,5.79,5.79,15.0,534.0458,Sulfonamide,8.0,no,32.0,1.0,3.0,11.0,49.41,1.0,4.1891,75.8305,0.3198,0.0,0.0,2.0,2.0,1.0,760.8673,30.82,8.5508,4.5756,0.2,0.2,3.0,,compound,
PFAS_042,PFAS,N-Ethyl-N-[2-(phosphonooxy)ethyl]perfluorohexanesulfonamide,67969-65-7,C(N([S](=O)(=O)C(F)(F)C(F)(F)C(F)(F)C(F)(F)C(F)(F)C(F)(F)F)CCO[P](=O)(O)O)C,WKGHYGHEIVLMOZ-UHFFFAOYSA-N,106252.0,DTXSID2070924,C10H11F13N1O6P1S1,4.58,4.58,13.0,550.9837,Sulfonamide,7.0,yes,32.0,2.0,4.0,11.0,104.14,1.0,3.4437,74.9529,0.3015,0.0,0.0,1.0,6.0,1.0,823.5504,31.11,8.7145,4.9584,0.2,0.08,3.0,,compound,
PFAS_043,PFAS,Bis(2-hydroxyethyl)ammonium perfluorooctanesulfonic acid,70225-14-8,OCC[NH2+]CCO.[O-]S(=O)(=O)C(F)(F)C(F)(F)C(F)(F)C(F)(F)C(F)(F)C(F)(F)C(F)(F)C(F)(F)F,OHPZNXYJAZBDSJ-UHFFFAOYSA-N,,DTXSID2072049,C12H12F17NO5S,,,17.0,605.0165,Sulfonic acid/Sulfonate,9.0,yes,36.0,3.0,5.0,11.0,114.27,1.0,2.0329,76.2122,0.1897,0.0,0.0,1.0,5.0,1.0,822.3864,36.7553,10.7629,5.8494,0.56,0.46,,,compound,
PFAS_044,PFAS,Perfluorobutanesulfonyl fluoride,375-72-4,O=[S](C(C(C(C(F)(F)F)(F)F)(F)F)(F)F)(=O)F,LUYQYZLEHLTPBH-UHFFFAOYSA-N,67814.0,DTXSID20861913,C4F10O2S1,5.16,5.16,10.0,301.9459,Sulfonyl fluoride,2.0,no,17.0,0.0,2.0,3.0,34.14,1.0,2.7114,30.9238,0.5932,0.0,0.0,0.0,2.0,1.0,391.0192,16.25,3.6195,2.1547,0.33,0.06,2.0,,compound,
PFAS_045,PFAS,"Perfluoro-1,2-dimethylcyclobutane",2994-71-0,FC(F)(F)C1(F)C(F)(F)C(F)(F)C1(F)C(F)(F)F,RBTROQHBNLSUTL-UHFFFAOYSA-N,92944.0,DTXSID20880189,C6F12,4.62,4.62,12.0,299.9808,Cyclic,5.0,no,18.0,0.0,0.0,0.0,0.0,1.0,3.8118,29.682,0.5968,0.0,0.0,0.0,0.0,0.0,325.7444,15.2183,3.0043,1.0756,0.2,0.01,4.0,,compound,
PFAS_046,PFAS,(Perfluoro-7-methyloctyl)-2-hydroxypropyl dihydrogen phosphate,54009-73-3,C(C(F)(F)C(F)(C(F)(F)C(F)(F)C(F)(F)C(F)(F)C(F)(C(F)(F)F)C(F)(F)F)F)C(CO[P](=O)(O)O)O,SGZKPGFLGSWOJX-UHFFFAOYSA-N,103863.0,DTXSID20880462,C12H8F19O5P1,5.47,5.47,19.0,623.9806,Phosphonate/Phosphate,9.0,yes,37.0,3.0,3.0,11.0,86.99,1.0,5.4914,74.2509,0.2093,0.0,0.0,0.0,5.0,0.0,844.49,35.74,9.4357,5.5734,0.24,0.08,3.0,,compound,
PFAS_047,PFAS,3-(Perfluoro(9-methyldecyl))-2-hydroxypropyl dihydrogen phosphate,63295-27-2,C(C(C(C(C(C(C(C(C(C(C(F)(F)F)(C(F)(F)F)F)(F)F)(F)F)(F)F)(F)F)(F)F)(F)F)(F)F)(F)F)C(CO[P](=O)(O)O)O,KUDKLDDNJRWOJT-UHFFFAOYSA-N,6454570.0,DTXSID20880528,C14H8F23O5P1,6.81,6.81,23.0,723.9742,Phosphonate/Phosphate,4.0,yes,43.0,3.0,3.0,13.0,86.99,1.0,6.762,84.1449,0.1445,0.0,0.0,0.0,5.0,0.0,1027.9938,41.46,10.7763,6.0499,0.2,0.08,3.0,,compound,
PFAS_048,PFAS,"N,N-Dimethyl-N-(2-hydroxyethyl)-3-((2-hydroxy-3-sulfopropyl)((perfluorohexyl)sulfonyl)amino)propanaminium hydroxide sodium",81190-38-7,C([N+](CCO)(C)C)CCN([S](=O)(=O)C(F)(F)C(F)(F)C(F)(F)C(F)(F)C(F)(F)C(F)(F)F)CC(O)C[S]([O-])(=O)=O.[K+].[OH-],QJSROAIHGCCBIH-SNVBAGLBSA-O,,DTXSID20880987,C16H24F13N2O7S2,0.02,0.02,13.0,722.0404,Sulfonic acid/Sulfonate,7.0,yes,42.0,2.0,8.0,16.0,165.04,1.0,-1.4934,107.3348,0.0843,0.0,0.0,2.0,8.0,2.0,1090.4583,46.8003,14.8656,9.6953,0.24,0.08,5.0,,compound,
PFAS_049,PFAS,3-Methoxyperfluoro(2-methylpentane),132182-92-4,COC(F)(C(F)(F)C(F)(F)F)C(F)(C(F)(F)F)C(F)(F)F,QKAGYSDHEJITFV-UHFFFAOYSA-N,14689855.0,DTXSID20881338,C7H3F13O1,4.61,4.61,13.0,349.9976,Ether,7.0,yes,21.0,0.0,1.0,3.0,9.23,1.0,4.3291,37.799,0.6889,0.0,0.0,0.0,1.0,0.0,361.4517,20.05,4.7757,2.5016,0.31,0.01,2.0,,compound,
PFAS_050,PFAS,Perfluorododecane,307-59-5,FC(F)(F)C(F)(F)C(F)(F)C(F)(F)C(F)(F)C(F)(F)C(F)(F)C(F)(F)C(F)(F)C(F)(F)C(F)(F)C(F)(F)F,WNZGTRLARPEMIG-UHFFFAOYSA-N,78973.0,DTXSID30184726,C12F26,8.85,8.85,26.0,637.9585,Perfluoroalkane,13.0,no,38.0,0.0,0.0,9.0,0.0,1.0,8.464,61.58,0.2226,0.0,0.0,0.0,0.0,0.0,791.6399,36.18,8.3447,3.9845,0.2,0.01,2.0,,compound,
PFAS_051,PFAS,"Perfluoro-1,4-diiodobutane",375-50-8,FC(C(C(F)(F)I)(F)F)(C(F)(F)I)F,JILAKKYYZPDQBE-UHFFFAOYSA-N,78993.0,DTXSID30190948,C4F8I2,5.13,5.13,8.0,453.7962,Iodinated,2.0,no,14.0,0.0,0.0,3.0,0.0,1.0,4.3126,47.828,0.3392,0.0,0.0,0.0,0.0,0.0,188.3616,14.9,3.7307,2.3468,0.21,0.26,2.0,,compound,
PFAS_052,PFAS,Perfluorodecanoic acid (PFDA),335-76-2,O=C(O)C(F)(F)C(F)(F)C(F)(F)C(F)(F)C(F)(F)C(F)(F)C(F)(F)C(F)(F)C(F)(F)F,PCIUEQPBYFRTEM-UHFFFAOYSA-N,9555.0,DTXSID3031860,C10H1F19O2,6.15,6.15,19.0,513.9673,Carboxylic acid,10.0,yes,31.0,1.0,1.0,8.0,37.3,0.9,5.7157,53.2668,0.4217,0.0,0.0,0.0,2.0,0.0,700.9673,29.14,6.8173,3.3167,0.29,0.33,2.0,,compound,
PFAS_053,PFAS,Perfluorohexanoic acid (PFHxA),307-24-4,O=C(O)C(F)(F)C(F)(F)C(F)(F)C(F)(F)C(F)(F)F,PXUULQAPEKKVAH-UHFFFAOYSA-N,67542.0,DTXSID3031862,C6H1F11O2,3.48,3.48,11.0,313.9801,Carboxylic acid,6.0,yes,19.0,1.0,1.0,4.0,37.3,0.8333,3.1745,33.4788,0.8094,0.0,0.0,0.0,2.0,0.0,367.8719,17.7,4.0964,2.1785,0.21,0.04,2.0,,compound,
PFAS_054,PFAS,Perfluorooctane sulfonic acid and its derivatives (PFOS),1763-23-1,C(C(C(C(C(F)(F)S(=O)(=O)O)(F)F)(F)F)(F)F)(C(C(C(F)(F)F)(F)F)(F)F)(F)F,YFSUTJLHUFNCNZ-UHFFFAOYSA-N,74483.0,DTXSID3031864,C8H1F17O3S1,4.49,4.49,17.0,499.9375,Sulfonic acid/Sulfonate,3.0,yes,29.0,1.0,2.0,7.0,54.37,1.0,4.8411,52.2326,0.4025,0.0,0.0,0.0,3.0,1.0,732.2672,27.72,6.3596,3.2647,0.29,0.47,3.0,-3.27,compound,570.0
PFAS_055,PFAS,Perfluoroundecane,307-49-3,FC(F)(F)C(F)(F)C(F)(F)C(F)(F)C(F)(F)C(F)(F)C(F)(F)C(F)(F)C(F)(F)C(F)(F)C(F)(F)F,VCIVYCHKSHULON-UHFFFAOYSA-N,527539.0,DTXSID30335837,C11F24,8.18,8.18,24.0,587.9617,Perfluoroalkane,12.0,no,35.0,0.0,0.0,8.0,0.0,1.0,7.8287,56.633,0.254,0.0,0.0,0.0,0.0,0.0,710.2725,33.32,7.6634,3.809,0.44,0.01,4.0,,compound,
PFAS_056,PFAS,1-(Perfluorohexyl)ethane,80793-17-5,CCC(F)(F)C(F)(F)C(F)(F)C(F)(F)C(F)(F)C(F)(F)F,SKRWRXWNQFQGRU-UHFFFAOYSA-N,2776163.0,DTXSID30379857,C8H5F13,5.87,5.87,13.0,348.0184,Perfluoroalkane,7.0,no,21.0,0.0,0.0,5.0,0.0,1.0,5.1352,41.081,0.6042,0.0,0.0,0.0,0.0,0.0,376.1227,20.09,4.7963,2.5144,0.27,0.01,4.0,,compound,
PFAS_057,PFAS,Perfluorooctanesulfonamide (PFOSA),754-91-6,FC(F)(C(F)(F)C(F)(F)C(F)(F)C(F)(F)C(F)(C(F)(F)F)F)C(F)(F)S(=O)(N)=O,RRRXPPIDPYTNJG-UHFFFAOYSA-N,69785.0,DTXSID3038939,C8H2F17N1O2S1,5.8,5.8,17.0,498.9535,Sulfonamide,7.0,no,29.0,1.0,2.0,7.0,60.16,1.0,4.2418,53.7912,0.5335,0.0,0.0,1.0,2.0,1.0,735.0221,27.72,6.3596,3.2647,0.27,0.19,2.0,,compound,
PFAS_058,PFAS,Perfluorodecane sulfonic acid (PFDS),335-77-3,O=[S]([O-])(=O)C(F)(F)C(F)(F)C(F)(F)C(F)(F)C(F)(F)C(F)(F)C(F)(F)C(F)(F)C(F)(F)C(F)(F)F.[NH4+],HYWZIAVPBSTISZ-UHFFFAOYSA-N,67636.0,DTXSID3040148,C10H1F21O3S1,5.83,5.83,21.0,616.9577,Sulfonic acid/Sulfonate,11.0,yes,36.0,1.0,3.0,9.0,93.7,1.0,6.1453,66.26,0.2489,0.0,0.0,1.0,3.0,1.0,918.7175,36.5562,8.454,4.0879,0.43,0.08,3.0,,compound,
PFAS_059,PFAS,"Perfluoro(4-methyl-3,6-dioxaoct-7-ene)sulfonyl fluoride",16090-14-5,FC(F)=C(F)OC(F)(F)C(F)(OC(F)(F)C(F)(F)S(F)(=O)=O)C(F)(F)F,KTCQQCLZUOZFEI-UHFFFAOYSA-N,85958.0,DTXSID3044596,C7F14O4S1,6.24,6.24,14.0,445.9294,Sulfonyl fluoride,5.0,yes,26.0,0.0,4.0,7.0,52.6,0.7143,4.3605,47.2828,0.3316,0.0,0.0,0.0,4.0,1.0,661.273,24.47,6.5698,4.2324,0.28,0.08,2.0,,compound,
PFAS_060,PFAS,Perflenapent,678-26-2,FC(F)(F)C(F)(F)C(F)(F)C(F)(F)C(F)(F)F,NJCBUSHGCBERSK-UHFFFAOYSA-N,12675.0,DTXSID3046613,C5F12,4.16,4.16,12.0,287.9808,Perfluoroalkane,6.0,no,17.0,0.0,0.0,2.0,0.0,1.0,4.0169,26.951,0.6732,0.0,0.0,0.0,0.0,0.0,250.2516,16.16,3.5748,2.1238,0.35,0.01,2.0,,compound,
PFAS_061,PFAS,Perfluorobut-2-ene,360-89-4,FC(=C(F)C(F)(F)F)C(F)(F)F,WSJULBMCKQTTIG-UHFFFAOYSA-N,9678.0,DTXSID3059890,C4F8,3.03,3.03,8.0,199.9872,Alkene/Vinyl,4.0,no,12.0,0.0,0.0,0.0,0.0,0.5,3.2616,21.352,0.5261,0.0,0.0,0.0,0.0,0.0,170.0838,11.18,2.9066,2.6657,0.24,0.01,2.0,,compound,
PFAS_062,PFAS,Perfluorotetradecanoic acid (PFTeDA),376-06-7,O=C(C(C(C(C(C(C(C(C(C(C(C(C(C(F)(F)F)(F)F)(F)F)(F)F)(F)F)(F)F)(F)F)(F)F)(F)F)(F)F)(F)F)(F)F)(F)F)O,RUDINRUXCKIXAJ-UHFFFAOYSA-N,67822.0,DTXSID3059921,C14H1F27O2,8.83,8.83,27.0,713.9545,Carboxylic acid,2.0,no,43.0,1.0,1.0,12.0,37.3,0.9286,8.2569,73.0548,0.2071,0.0,0.0,0.0,2.0,0.0,1062.044,40.58,9.5406,4.4897,0.29,0.01,3.0,,compound,
PFAS_063,PFAS,Diethyl perfluoroadipate,376-50-1,C(OC(C(C(C(C(C(OCC)=O)(F)F)(F)F)(F)F)(F)F)=O)C,UBMQHNSEGKYMTP-UHFFFAOYSA-N,67825.0,DTXSID3059925,C10H10F8O4,3.68,3.68,8.0,346.0451,Ester,,yes,22.0,0.0,4.0,7.0,52.6,0.8,2.6538,53.054,0.5254,0.0,0.0,0.0,4.0,0.0,394.6425,20.38,6.2444,2.9503,0.2,0.2,3.0,,compound,
PFAS_064,PFAS,Perfluorohexanesulphonyl fluoride,423-50-7,O=[S](C(C(C(C(C(C(F)(F)F)(F)F)(F)F)(F)F)(F)F)(F)F)(=O)F,HSDJWNJDPDJOEV-UHFFFAOYSA-N,67918.0,DTXSID3059973,C6F14O2S1,6.5,6.5,14.0,401.9395,Sulfonyl fluoride,2.0,no,23.0,0.0,2.0,5.0,34.14,1.0,3.982,40.8178,0.5153,0.0,0.0,0.0,2.0,1.0,556.3068,21.97,4.9822,2.6895,0.32,0.01,2.0,,compound,
PFAS_065,PFAS,Diethyl perfluoroglutarate,424-40-8,CCOC(=O)C(F)(F)C(F)(F)C(F)(F)C(=O)OCC,MSDPXVBLFJODJO-UHFFFAOYSA-N,9874.0,DTXSID3059977,C9H10F6O4,3.01,3.01,6.0,296.0483,Ester,3.0,yes,19.0,0.0,4.0,6.0,52.6,0.7778,2.0185,48.107,0.5556,0.0,0.0,0.0,4.0,0.0,322.619,17.52,5.6578,2.9228,0.2,0.01,2.0,,compound,
PFAS_066,PFAS,2-(Perfluorododecyl)ethanol,39239-77-5,C(C(C(C(C(C(C(C(C(C(C(C(C(F)(F)F)(F)F)(F)F)(F)F)(F)F)(F)F)(F)F)(F)F)(F)F)(F)F)(F)F)(F)F)CO,QBBJBWKVSJWYQK-UHFFFAOYSA-N,162368.0,DTXSID3068170,C14H5F25O1,8.42,8.42,25.0,663.9941,Alcohol/Fluorotelomer,2.0,no,40.0,1.0,1.0,12.0,20.23,1.0,7.9194,72.1748,0.2105,0.0,0.0,0.0,1.0,0.0,908.9671,38.21,9.3567,4.3824,0.22,0.01,3.0,,compound,
PFAS_067,PFAS,"1H,1H-Perfluoropropyl methacrylate",45115-53-5,CC(=C)C(=O)OCC(F)(F)C(F)(F)F,CLISWDZSTWQFNX-UHFFFAOYSA-N,123516.0,DTXSID3068465,C7H7F5O2,3.15,3.15,5.0,218.0366,Ester,3.0,yes,14.0,0.0,2.0,3.0,26.3,0.5714,2.3033,36.775,0.4124,0.0,0.0,0.0,2.0,0.0,242.9549,12.86,3.9324,3.3099,0.2,0.01,2.0,,compound,
PFAS_068,PFAS,Perfluorooctanesulfonamido amine oxide,30295-51-3,CN([O-])C(CCN[S](=O)(=O)C(F)(F)C(F)(F)C(F)(F)C(F)(F)C(F)(F)C(F)(F)C(F)(F)C(F)(F)F)N(C)[O-],RBRTWWNNTDCXSP-UHFFFAOYSA-N,155293337.0,DTXSID30700460,C13H14F17N3O4S1,4.41,4.41,17.0,629.0288,Sulfonamide,9.0,yes,38.0,1.0,6.0,13.0,98.77,1.0,4.4481,88.2715,0.1839,0.0,0.0,3.0,4.0,1.0,927.8868,36.56,10.1902,5.3171,0.09,,5.0,,compound,
PFAS_069,PFAS,Ammonium perfluorodecanesulfonate,67906-42-7,[NH4+].[O-]S(=O)(=O)C(F)(F)C(F)(F)C(F)(F)C(F)(F)C(F)(F)C(F)(F)C(F)(F)C(F)(F)C(F)(F)C(F)(F)F,KVTQOQYMILOCBD-UHFFFAOYSA-N,,DTXSID3070830,C10H4F21NO3S,,,21.0,616.9577,Sulfonic acid/Sulfonate,11.0,yes,36.0,1.0,3.0,9.0,93.7,1.0,6.1453,66.26,0.2489,0.0,0.0,1.0,3.0,1.0,918.7175,36.5562,8.454,4.0879,0.43,0.08,,,compound,
PFAS_070,PFAS,N-Ethyl-N-(2-(phosphonooxy)ethyl)perfluoropentanesulfonamide,67939-90-6,C(N([S](=O)(=O)C(F)(F)C(F)(F)C(F)(F)C(F)(F)C(F)(F)F)CCO[P](=O)(O)O)C,PSNGOBTXZSFMLP-UHFFFAOYSA-N,106193.0,DTXSID3070884,C9H11F11N1O6P1S1,3.91,3.91,11.0,500.9869,Sulfonamide,6.0,yes,29.0,2.0,4.0,10.0,104.14,1.0,2.8084,70.0059,0.3528,0.0,0.0,1.0,6.0,1.0,733.5992,28.25,8.0655,4.9489,0.2,0.13,3.0,,compound,
PFAS_071,PFAS,Ammonium perfluorohexanesulfonate,68259-08-5,[NH4+].[O-]S(=O)(=O)C(F)(F)C(F)(F)C(F)(F)C(F)(F)C(F)(F)C(F)(F)F,UGEFCGLPIFEPMQ-UHFFFAOYSA-N,,DTXSID3071353,C6H4F13NO3S,,,13.0,416.9704,Sulfonic acid/Sulfonate,7.0,yes,24.0,1.0,3.0,5.0,93.7,1.0,3.6041,46.472,0.5473,0.0,0.0,1.0,3.0,1.0,564.7463,25.2031,5.7504,2.9773,0.35,0.08,,,compound,
PFAS_072,PFAS,(Perfluorododecyl)ethylsulfonyl chloride,68758-57-6,C([S](Cl)(=O)=O)CC(F)(F)C(F)(F)C(F)(F)C(F)(F)C(F)(F)C(F)(F)C(F)(F)C(F)(F)C(F)(F)C(F)(F)C(F)(F)C(F)(F)F,OWNXTVBJQHTUHT-UHFFFAOYSA-N,111556.0,DTXSID3071727,C14H4Cl1F25O2S1,10.33,10.33,25.0,745.9221,Perfluoroalkane,13.0,no,43.0,0.0,2.0,13.0,34.14,1.0,8.4957,84.7288,0.1401,1.0,0.0,0.0,2.0,1.0,1135.1008,41.49,10.2493,5.4941,0.2,0.08,3.0,,compound,
PFAS_073,PFAS,Perfluoro(2-propoxypropyl vinyl ether),1644-11-7,FC(F)=C(F)OC(F)(F)C(F)(OC(F)(F)C(F)(F)C(F)(F)F)C(F)(F)F,RJBJXVAPYONTFE-UHFFFAOYSA-N,102662.0,DTXSID30880150,C8F16O2,5.24,5.24,16.0,431.9643,Ether,7.0,yes,26.0,0.0,2.0,6.0,18.46,0.75,5.666,43.31,0.3983,0.0,0.0,0.0,2.0,0.0,539.4334,24.38,6.5199,4.1954,0.21,0.01,2.0,,compound,
PFAS_074,PFAS,"3-(Perfluorohexyl)-1,2-epoxypropane",38565-52-5,C(C(C(C(C(C(C(F)(F)F)(F)F)(F)F)(F)F)(F)F)(F)F)C1CO1,KGYUZRBIQCDOCN-UHFFFAOYSA-N,170073.0,DTXSID30880413,C9H5F13O1,4.92,4.92,13.0,376.0133,Ether,2.0,yes,23.0,0.0,1.0,6.0,12.53,1.0,4.5141,45.147,0.491,0.0,0.0,0.0,1.0,0.0,446.8518,20.0954,5.0217,2.8197,0.24,0.05,3.0,,compound,
PFAS_075,PFAS,"1-(1,3-Dimethylbutoxy)-2-(perfluorohexyl)ethane",210896-25-6,CC(C)CC(C)OCCC(F)(F)C(F)(F)C(F)(F)C(F)(F)C(F)(F)C(F)(F)F,REMSMUILZZYKPD-UHFFFAOYSA-N,,DTXSID30893366,C14H17F13O,,,13.0,448.1072,Ether,7.0,yes,28.0,0.0,1.0,10.0,9.23,1.0,6.5665,70.276,0.3439,0.0,0.0,0.0,1.0,0.0,509.8552,27.05,8.0544,4.781,0.18,,,,compound,
PFAS_076,PFAS,Ammonium perfluoro-2-methyl-3-oxahexanoate (GenX),62037-80-3,[NH4+].[O-]C(=O)C(F)(OC(F)(F)C(F)(F)C(F)(F)F)C(F)(F)F,RJWVKMAIYPNUSL-UHFFFAOYSA-N,122360683.0,DTXSID40108559,C6H4F11NO3,,,11.0,347.0016,Carboxylic acid,6.0,yes,21.0,1.0,3.0,4.0,85.86,0.8333,2.1476,37.9198,0.791,0.0,0.0,1.0,3.0,0.0,388.4003,21.9102,5.4328,3.6342,0.2,0.04,,2.5,compound,
PFAS_077,PFAS,"1H,1H,2H,2H-Perfluorodecyltriethoxysilane",101947-16-4,CCO[Si](CCC(F)(F)C(F)(F)C(F)(F)C(F)(F)C(F)(F)C(F)(F)C(F)(F)C(F)(F)F)(OCC)OCC,MLXDKRSDUJLNAB-UHFFFAOYSA-N,,DTXSID40144396,C16H19F17O3Si,,,17.0,610.0832,Perfluoroalkane,9.0,yes,37.0,0.0,3.0,15.0,27.69,1.0,7.4343,90.74,0.1427,0.0,0.0,0.0,3.0,0.0,736.299,35.9069,10.8182,5.7745,0.2,0.03,,,compound,
PFAS_078,PFAS,Perfluoroisohexane,355-04-4,FC(F)(F)C(F)(F)C(F)(F)C(F)(C(F)(F)F)C(F)(F)F,ROVMKEZVKFJNBD-UHFFFAOYSA-N,67726.0,DTXSID40188992,C6F14,5.02,5.02,14.0,337.9776,Perfluoroalkane,7.0,no,20.0,0.0,0.0,2.0,0.0,1.0,4.6522,31.898,0.6431,0.0,0.0,0.0,0.0,0.0,337.3311,19.02,4.2564,2.2542,0.4,0.01,2.0,,compound,
PFAS_079,PFAS,Perfluorohexadecane,355-49-7,FC(F)(F)C(F)(F)C(F)(F)C(F)(F)C(F)(F)C(F)(F)C(F)(F)C(F)(F)C(F)(F)C(F)(F)C(F)(F)C(F)(F)C(F)(F)C(F)(F)C(F)(F)C(F)(F)F,AQPUCGPFMVEJGS-UHFFFAOYSA-N,67735.0,DTXSID40188997,C16F34,11.52,11.52,34.0,837.9457,Perfluoroalkane,17.0,no,50.0,0.0,0.0,13.0,0.0,1.0,11.0052,81.368,0.1622,0.0,0.0,0.0,0.0,0.0,1138.5123,47.62,11.0699,5.1641,0.45,0.01,2.0,,compound,
PFAS_080,PFAS,Perfluorotriethylamine,359-70-6,FC(F)(F)C(F)(F)N(C(F)(F)C(F)(F)F)C(F)(F)C(F)(F)F,CBEFDCMSEZEGCX-UHFFFAOYSA-N,78986.0,DTXSID40189464,C6F15N1,4.18,4.18,15.0,370.9791,Perfluoroalkane,8.0,no,22.0,0.0,1.0,3.0,3.24,1.0,4.7537,34.845,0.5113,0.0,0.0,1.0,0.0,0.0,333.9129,20.91,4.9539,3.146,0.2,0.02,4.0,,compound,
PFAS_081,PFAS,Perfluorobutanesulfonic anhydride,36913-91-4,C(C(C(C(F)(F)[S](=O)(=O)O[S](C(C(C(C(F)(F)F)(F)F)(F)F)(F)F)(=O)=O)(F)F)(F)F)(F)(F)F,QKIHLPFZYGFMDK-UHFFFAOYSA-N,4281883.0,DTXSID40190398,C8F18O5S2,8.27,8.27,18.0,581.89,Perfluoroalkane,3.0,yes,33.0,0.0,5.0,8.0,77.51,1.0,4.514,60.7166,0.3941,0.0,0.0,0.0,5.0,2.0,876.7745,31.6,7.5477,4.2658,0.24,0.01,3.0,,compound,
PFAS_082,PFAS,Perfluorobutylcyclohexane,374-60-7,FC(F)(F)C(F)(F)C(F)(F)C(F)(F)C1(F)C(F)(F)C(F)(F)C(F)(F)C(F)(F)C1(F)F,XZZGMFAUFIVEGL-UHFFFAOYSA-N,550388.0,DTXSID40190838,C10F20,7.0,7.0,20.0,499.9681,Cyclic,8.0,no,30.0,0.0,0.0,3.0,0.0,1.0,6.353,49.47,0.3966,0.0,0.0,0.0,0.0,0.0,662.866,26.635,5.6869,2.2207,0.23,0.02,2.0,,compound,
PFAS_083,PFAS,1-Perfluoromethylcyclohexane-1-sulfonic acid,72441-89-5,O=[S]([O-])(=O)C1(C(F)(F)C(F)(F)C(F)(F)C(F)(F)C1(F)F)C(F)(F)F.[K+],MNVKTKIHXLQSLM-UHFFFAOYSA-N,163196.0,DTXSID40276525,C7H1F13O3S1,1.54,1.54,13.0,449.8998,Sulfonic acid/Sulfonate,6.0,yes,25.0,0.0,3.0,1.0,57.2,1.0,0.0268,43.2182,0.322,0.0,0.0,0.0,3.0,1.0,621.024,25.6364,5.8186,2.3927,0.29,0.08,5.0,,compound,
PFAS_084,PFAS,Perfluorobutanoic acid (PFBA),375-22-4,O=C(O)C(F)(F)C(F)(F)C(F)(F)F,YPJUNDFVDDCYIH-UHFFFAOYSA-N,9777.0,DTXSID4059916,C4H1F7O2,2.14,2.14,7.0,213.9865,Carboxylic acid,4.0,yes,13.0,1.0,1.0,2.0,37.3,0.75,1.9039,23.5848,0.7124,0.0,0.0,0.0,2.0,0.0,217.0227,11.98,2.7395,1.6767,0.21,0.02,2.0,,compound,
PFAS_085,PFAS,(Perfluorotetradecyl)ethyl 2-methyl-2-propenoate,4980-53-4,C(C(C(C(C(C(C(C(C(C(C(C(C(C(C(F)(F)F)(F)F)(F)F)(F)F)(F)F)(F)F)(F)F)(F)F)(F)F)(F)F)(F)F)(F)F)(F)F)(F)F)COC(=O)C(=C)C,KLVRPMUTIRAYBC-UHFFFAOYSA-N,78675.0,DTXSID4063660,C20H9F29O2,11.67,11.67,29.0,832.0139,Ester,2.0,yes,51.0,0.0,2.0,16.0,26.3,0.85,10.317,100.756,0.088,0.0,0.0,0.0,2.0,0.0,1303.0765,48.18,12.3722,6.1458,0.35,0.08,3.0,,compound,
PFAS_086,PFAS,2-Vinyl(1-bromoperfluoroethane),18599-22-9,FC(F)(Br)C(F)(F)C=C,GVCWGFZDSIWLMO-UHFFFAOYSA-N,87721.0,DTXSID4066389,C4H3Br1F4,3.46,3.46,4.0,205.9354,Alkene/Vinyl,1.0,no,9.0,0.0,0.0,2.0,0.0,0.5,2.7954,29.018,0.3706,0.0,1.0,0.0,0.0,0.0,114.2263,8.94,2.2839,1.9651,0.28,0.01,2.0,,compound,
PFAS_087,PFAS,2-(Perfluorotetradecyl)ethan-1-ol,60699-51-6,C(C(C(C(C(C(C(C(C(C(C(C(C(C(C(F)(F)F)(F)F)(F)F)(F)F)(F)F)(F)F)(F)F)(F)F)(F)F)(F)F)(F)F)(F)F)(F)F)(F)F)CO,ZDUOTHMDVYXZBS-UHFFFAOYSA-N,108999.0,DTXSID4069422,C16H5F29O1,9.76,9.76,29.0,763.9877,Alcohol/Fluorotelomer,2.0,no,46.0,1.0,1.0,14.0,20.23,1.0,9.19,82.0688,0.1752,0.0,0.0,0.0,1.0,0.0,1093.0102,43.93,10.7146,4.9662,0.22,0.08,3.0,,compound,
PFAS_088,PFAS,2-(Perfluorotetradecyl)-1-iodoethane,65510-55-6,C(I)CC(F)(F)C(F)(F)C(F)(F)C(F)(F)C(F)(F)C(F)(F)C(F)(F)C(F)(F)C(F)(F)C(F)(F)C(F)(F)C(F)(F)C(F)(F)C(F)(F)F,KHGHLOYBMLYJPS-UHFFFAOYSA-N,103405.0,DTXSID4070322,C16H4F29I1,11.98,11.98,29.0,873.8895,Iodinated,15.0,no,46.0,0.0,0.0,14.0,0.0,1.0,10.6327,93.87,0.0927,0.0,0.0,0.0,0.0,0.0,1093.0102,44.7,11.1063,5.1822,0.24,0.08,3.0,,compound,
PFAS_089,PFAS,Perfluorobutyl methyl ether,163702-07-6,COC(F)(F)C(F)(F)C(F)(F)C(F)(F)F,OKIYQFLILPKULA-UHFFFAOYSA-N,164514.0,DTXSID4073120,C5H3F9O1,3.34,3.34,9.0,250.004,Ether,5.0,yes,15.0,0.0,1.0,3.0,9.23,1.0,3.0585,27.905,0.6992,0.0,0.0,0.0,1.0,0.0,229.1474,14.33,3.4235,1.9891,0.57,0.01,2.0,,compound,
PFAS_090,PFAS,Bis(perfluoroisopropyl)ketone,813-44-5,FC(F)(F)C(F)(C(=O)C(F)(C(F)(F)F)C(F)(F)F)C(F)(F)F,GRVMOMUDALILLH-UHFFFAOYSA-N,69941.0,DTXSID4074855,C7F14O1,3.05,3.05,14.0,365.9726,Perfluoroalkane,7.0,no,22.0,0.0,1.0,2.0,17.07,0.8571,4.2213,36.905,0.6693,0.0,0.0,0.0,1.0,0.0,364.0686,20.69,4.8419,2.683,0.24,0.02,3.0,,compound,
PFAS_091,PFAS,Perfluoro-2-methyl-3-pentanone,756-13-8,FC(F)(F)C(F)(F)C(=O)C(F)(C(F)(F)F)C(F)(F)F,RMLFHPWPTXWZNJ-UHFFFAOYSA-N,2782408.0,DTXSID4074932,C6F12O1,2.79,2.79,12.0,315.9758,Perfluoroalkane,6.0,no,19.0,0.0,1.0,2.0,17.07,0.8333,3.586,31.958,0.7118,0.0,0.0,0.0,1.0,0.0,341.8866,17.83,4.1627,2.5864,0.83,0.05,2.0,,compound,
PFAS_092,PFAS,2-(N-Butylperfluorooctanesulfonamido)ethyl acrylate,383-07-3,CCCCN(CCOC(=O)C=C)[S](=O)(=O)C(F)(F)C(F)(F)C(F)(F)C(F)(F)C(F)(F)C(F)(F)C(F)(F)C(F)(F)F,AQQNNAXBGPWALO-UHFFFAOYSA-N,67841.0,DTXSID40861915,C17H16F17N1O4S1,8.34,8.34,17.0,653.0529,Sulfonamide,9.0,yes,40.0,0.0,4.0,15.0,63.68,0.8235,6.1144,97.2408,0.1216,0.0,0.0,1.0,4.0,1.0,1023.4493,37.93,11.3084,5.67,0.37,0.08,3.0,,compound,
PFAS_093,PFAS,"8-Fluorosulfonylperfluoro(2,5-dimethyl-3,6-dioxaoctanoyl) fluoride",4089-58-1,FC(=O)C(F)(OC(F)(F)C(F)(OC(F)(F)C(F)(F)S(F)(=O)=O)C(F)(F)F)C(F)(F)F,KKFBQYPRBYZJNU-UHFFFAOYSA-N,107223.0,DTXSID40863318,C8F16O5S1,5.68,5.68,16.0,511.9211,Sulfonyl fluoride,7.0,yes,30.0,0.0,5.0,8.0,69.67,0.875,4.0496,52.9418,0.363,0.0,0.0,0.0,5.0,1.0,769.4853,28.42,7.2388,4.5255,0.2,0.01,2.0,,compound,
PFAS_094,PFAS,Tetrabutylphosphonium perfluorobutanesulfonate,220689-12-3,CCCC[PH+](CCCC)(CCCC)CCCC.[O-]S(=O)(=O)C(F)(F)C(F)(F)C(F)(F)C(F)(F)F,GNGSGTMPCKIWJL-UHFFFAOYSA-M,,DTXSID40881850,C20H37F9O3PS,,,,,,5.0,yes,,,,,,,,,,,,,,,,,,,0.32,0.05,,,compound,
PFAS_095,PFAS,Perflisobutane,354-92-7,FC(F)(F)C(F)(C(F)(F)F)C(F)(F)F,COQIQRBKEGPRSG-UHFFFAOYSA-N,67724.0,DTXSID50188882,C4F10,3.38,3.38,10.0,237.984,Perfluoroalkane,5.0,no,14.0,0.0,0.0,0.0,0.0,1.0,3.3816,22.004,0.5672,0.0,0.0,0.0,0.0,0.0,165.5935,13.3,2.893,1.7332,0.2,0.01,3.0,,compound,
PFAS_096,PFAS,9-H-Perfluorononanoic acid,76-21-1,O=C(C(C(C(C(C(C(C(C(F)F)(F)F)(F)F)(F)F)(F)F)(F)F)(F)F)(F)F)O,RARQGXBOCXOJPM-UHFFFAOYSA-N,6434.0,DTXSID50226894,C9H2F16O2,4.88,4.88,16.0,445.9799,Carboxylic acid,,no,27.0,1.0,1.0,8.0,37.3,0.8889,4.7832,48.2688,0.5455,0.0,0.0,0.0,2.0,0.0,578.44,25.35,6.1798,2.9374,0.2,0.02,3.0,,compound,
PFAS_097,PFAS,Perfluorooctanesulfonyl fluoride,307-35-7,O=[S](C(C(C(C(C(C(C(C(F)(F)F)(F)F)(F)F)(F)F)(F)F)(F)F)(F)F)(F)F)(=O)F,BHFJBHMTEDLICO-UHFFFAOYSA-N,9388.0,DTXSID5027140,C8F18O2S1,7.84,7.84,18.0,501.9332,Sulfonyl fluoride,2.0,no,29.0,0.0,2.0,7.0,34.14,1.0,5.2526,50.7118,0.3523,0.0,0.0,0.0,2.0,1.0,729.4503,27.69,6.3448,3.2559,0.33,0.21,2.0,,compound,
PFAS_098,PFAS,Perfluorobutanesulfonic acid (PFBS),375-73-5,C(C(C(F)(F)S(=O)(=O)O)(F)F)(C(F)(F)F)(F)F,JGTNAGYHADQMCM-UHFFFAOYSA-N,67815.0,DTXSID5030030,C4H1F9O3S1,1.82,1.82,9.0,299.9503,Sulfonic acid/Sulfonate,3.0,yes,17.0,1.0,2.0,3.0,54.37,1.0,2.2999,32.4446,0.6425,0.0,0.0,0.0,3.0,1.0,392.9543,16.28,3.6344,2.165,0.29,0.02,3.0,,compound,
PFAS_099,PFAS,Perfluoroisobutyl methyl ether,163702-08-7,C(C(C(F)(F)F)(C(F)(F)F)F)OC(F)F,JZYGTCBELUZFGX-UHFFFAOYSA-N,205998.0,DTXSID5042326,C5H3F9O1,2.56,2.56,9.0,250.004,Ether,4.0,yes,15.0,0.0,1.0,3.0,9.23,1.0,3.0585,27.905,0.6992,0.0,0.0,0.0,1.0,0.0,189.5287,14.33,4.0642,3.1438,0.61,0.01,5.0,,compound,
PFAS_100,PFAS,2-(Perfluorohexyl)ethanol (6:2 FTOH),647-42-7,C(C(C(C(C(C(C(F)(F)F)(F)F)(F)F)(F)F)(F)F)(F)F)CO,GRJRKPMIRMSBNK-UHFFFAOYSA-N,69537.0,DTXSID5044572,C8H5F13O1,4.41,4.41,13.0,364.0133,Alcohol/Fluorotelomer,2.0,no,22.0,1.0,1.0,6.0,20.23,1.0,4.1076,42.4928,0.7039,0.0,0.0,0.0,1.0,0.0,395.3345,21.05,5.3006,2.6882,0.44,0.12,3.0,,compound,
PFAS_101,PFAS,Perfluorodecanesulphonyl fluoride,307-51-7,O=[S](C(C(C(C(C(C(C(C(C(C(F)(F)F)(F)F)(F)F)(F)F)(F)F)(F)F)(F)F)(F)F)(F)F)(F)F)(=O)F,QMNUYVWNQITPHA-UHFFFAOYSA-N,67544.0,DTXSID5059795,C10F22O2S1,9.17,9.17,22.0,601.9268,Sulfonyl fluoride,2.0,no,35.0,0.0,2.0,9.0,34.14,1.0,6.5232,60.6058,0.2227,0.0,0.0,0.0,2.0,1.0,909.0112,33.41,7.7074,3.8345,0.2,0.08,2.0,,compound,
PFAS_102,PFAS,Perfluoro-1-iodotetradecane,307-63-1,FC(I)(F)C(F)(F)C(F)(F)C(F)(F)C(F)(F)C(F)(F)C(F)(F)C(F)(F)C(F)(F)C(F)(F)C(F)(F)C(F)(F)C(F)(F)C(F)(F)F,MHIPPKXKESHCIO-UHFFFAOYSA-N,67547.0,DTXSID5059797,C14F29I1,11.0,11.0,29.0,845.8582,Iodinated,14.0,no,44.0,0.0,0.0,12.0,0.0,1.0,10.2001,84.386,0.1043,0.0,0.0,0.0,0.0,0.0,968.9204,42.7,10.0998,4.7919,0.24,0.01,3.0,,compound,
PFAS_103,PFAS,"1H,1H-Perfluorooctyl acrylate",307-98-2,C(C(C(C(C(C(C(C(F)(F)F)(F)F)(F)F)(F)F)(F)F)(F)F)(F)F)OC(C=C)=O,YSQGYEYXKXGAQA-UHFFFAOYSA-N,67551.0,DTXSID5059799,C11H5F15O2,5.95,5.95,15.0,454.005,Ester,2.0,yes,28.0,0.0,2.0,8.0,26.3,0.7273,5.0897,56.893,0.2904,0.0,0.0,0.0,2.0,0.0,603.5986,26.16,6.8924,3.5806,0.24,0.01,3.0,,compound,
PFAS_104,PFAS,Perfluoromethylcyclohexane,355-02-2,FC(F)(F)C1(F)C(F)(F)C(F)(F)C(F)(F)C(F)(F)C1(F)F,QIROQPWSJUXOJC-UHFFFAOYSA-N,9637.0,DTXSID5059874,C7F14,4.69,4.69,14.0,349.9776,Cyclic,5.0,no,21.0,0.0,0.0,0.0,0.0,1.0,4.4471,34.629,0.5667,0.0,0.0,0.0,0.0,0.0,410.7291,18.07,3.6705,1.4324,0.29,0.08,2.0,,compound,
PFAS_105,PFAS,Perfluorobutane,355-25-9,FC(F)(F)C(F)(F)C(F)(F)C(F)(F)F,KAVGMUDTWQVPDF-UHFFFAOYSA-N,9638.0,DTXSID5059876,C4F10,3.49,3.49,10.0,237.984,Perfluoroalkane,5.0,no,14.0,0.0,0.0,1.0,0.0,1.0,3.3816,22.004,0.614,0.0,0.0,0.0,0.0,0.0,181.1423,13.3,2.893,1.7332,0.39,0.01,4.0,,compound,
PFAS_106,PFAS,Perfluorohexadecyl iodide,355-50-0,FC(I)(F)C(F)(F)C(F)(F)C(F)(F)C(F)(F)C(F)(F)C(F)(F)C(F)(F)C(F)(F)C(F)(F)C(F)(F)C(F)(F)C(F)(F)C(F)(F)C(F)(F)C(F)(F)F,LEILRZKFWLKYCT-UHFFFAOYSA-N,67736.0,DTXSID5059878,C16F33I1,12.34,12.34,33.0,945.8518,Iodinated,16.0,no,50.0,0.0,0.0,14.0,0.0,1.0,11.4707,94.28,0.0925,0.0,0.0,0.0,0.0,0.0,1145.0211,48.42,11.4616,5.3797,0.2,0.08,3.0,,compound,
PFAS_107,PFAS,1-Iodoperfluoropentane,638-79-9,FC(I)(F)C(F)(F)C(F)(F)C(F)(F)C(F)(F)F,KCEJJSGJNCSQFI-UHFFFAOYSA-N,69494.0,DTXSID5060936,C5F11I1,4.98,4.98,11.0,395.8869,Iodinated,5.0,no,17.0,0.0,0.0,3.0,0.0,1.0,4.4824,39.863,0.3752,0.0,0.0,0.0,0.0,0.0,255.2174,16.96,3.9794,2.4053,0.24,0.01,3.0,,compound,
PFAS_108,PFAS,2-(N-Ethylperfluorooctanesulfonamido)acetic acid (EtFOSAA),2991-50-6,FC(F)(C(F)(F)C(F)(F)C(F)(F)C(F)(F)C(F)(F)C(F)(F)C(F)(F)F)S(=O)(=O)N(CC(O)=O)CC,CKRXVVGETMYFIO-UHFFFAOYSA-N,18134.0,DTXSID5062760,C12H8F17N1O4S1,6.22,6.22,17.0,584.9903,Sulfonamide,8.0,yes,35.0,1.0,3.0,11.0,74.68,0.9167,4.6896,74.4866,0.3576,0.0,0.0,1.0,4.0,1.0,910.5078,33.19,8.6438,4.3432,0.02,0.06,4.0,,compound,
PFAS_109,PFAS,Ethyl perfluorooctanoate,3108-24-5,CCOC(=O)C(F)(F)C(F)(F)C(F)(F)C(F)(F)C(F)(F)C(F)(F)C(F)(F)F,JTOFFHFAQBLPTM-UHFFFAOYSA-N,76555.0,DTXSID5062849,C10H5F15O2,5.59,5.59,15.0,442.005,Ester,8.0,yes,27.0,0.0,2.0,7.0,26.3,0.9,4.9236,52.37,0.4135,0.0,0.0,0.0,2.0,0.0,561.4352,25.42,6.4927,3.2538,0.2,0.01,2.0,,compound,
PFAS_110,PFAS,2-(Perfluorooctyl)ethyl acrylate (8:2 Fluorotelomer acrylate),27905-45-9,C(C(C(C(C(C(C(C(C(F)(F)F)(F)F)(F)F)(F)F)(F)F)(F)F)(F)F)(F)F)COC(C=C)=O,QUKRIOLKOHUUBM-UHFFFAOYSA-N,119747.0,DTXSID5067348,C13H7F17O2,7.11,7.11,17.0,518.0175,Ester,2.0,yes,32.0,0.0,2.0,10.0,26.3,0.7692,6.1151,66.457,0.1982,0.0,0.0,0.0,2.0,0.0,705.7245,30.02,8.105,4.1725,0.41,0.01,3.0,,compound,
PFAS_111,PFAS,Tetraethylammonium perfluorooctanesulfonate,56773-42-3,CC[N](CC)(CC)(CC)OS(=O)(=O)C(F)(F)C(F)(F)C(F)(F)C(F)(F)C(F)(F)C(F)(F)C(F)(F)C(F)(F)F,JHDXAQHGAJXNBY-UHFFFAOYSA-M,92531.0,DTXSID5069128,C16H20F17N1O3S1,7.36,7.36,,,,9.0,yes,,,,,,,,,,,,,,,,,,,0.4,0.25,5.0,,compound,
PFAS_112,PFAS,Perfluoroisobutyl ethyl ether,163702-06-5,CCOC(F)(F)C(F)(C(F)(F)F)C(F)(F)F,SQEGLLMNIBLLNQ-UHFFFAOYSA-N,205999.0,DTXSID5073119,C6H5F9O1,3.72,3.72,9.0,264.0197,Ether,5.0,yes,16.0,0.0,1.0,3.0,9.23,1.0,3.4486,32.522,0.7092,0.0,0.0,0.0,1.0,0.0,225.3642,15.33,3.9686,2.203,0.42,0.03,4.0,,compound,
PFAS_113,PFAS,"1H,1H,5H-Perfluoropentyl acrylate",376-84-1,FC(F)C(F)(F)C(F)(F)C(F)(F)COC(=O)C=C,WISUNKZXQSKYMR-UHFFFAOYSA-N,67829.0,DTXSID5075236,C8H6F8O2,3.33,3.33,8.0,286.024,Ester,3.0,yes,18.0,0.0,2.0,6.0,26.3,0.625,2.8866,42.001,0.4262,0.0,0.0,0.0,2.0,0.0,325.0587,16.65,5.1052,2.9056,0.2,0.07,2.0,,compound,
PFAS_114,PFAS,"3-(Perfluorohexanesulfonamido)-N,N,N-trimethylpropan-1-aminium (qaPFSMa n=6)",70248-51-0,C(N[S](C(C(C(C(C(C(F)(F)F)(F)F)(F)F)(F)F)(F)F)(F)F)(=O)=O)CC[N+](C)(C)C.[I-],OWBYGXNKMFLAMD-UHFFFAOYSA-N,104103.0,DTXSID50866239,C12H16F13N2O2S1,4.15,4.15,13.0,625.977,Sulfonamide,2.0,no,31.0,1.0,2.0,10.0,46.17,1.0,0.7024,75.2289,0.1683,0.0,0.0,2.0,2.0,1.0,716.9852,32.8667,9.1466,5.7924,0.25,0.13,5.0,,compound,
PFAS_115,PFAS,"3-(Perfluoroheptanesulfonamido)-N,N,N-trimethylpropan-1-aminium",70225-19-3,C(N[S](C(C(C(C(C(C(C(F)(F)F)(F)F)(F)F)(F)F)(F)F)(F)F)(F)F)(=O)=O)CC[N+](C)(C)C.[I-],QHNLSCKDDZDPTI-UHFFFAOYSA-N,105451.0,DTXSID50867281,C13H16F15N2O2S1,4.82,4.82,15.0,675.9738,Sulfonamide,2.0,no,34.0,1.0,2.0,11.0,46.17,1.0,1.3377,80.1759,0.1557,0.0,0.0,2.0,2.0,1.0,806.1011,35.7105,9.7827,5.7518,0.25,0.08,5.0,,compound,
PFAS_116,PFAS,Perfluoropentanesulfonyl fluoride,375-81-5,O=[S](F)(=O)C(F)(F)C(F)(F)C(F)(F)C(F)(F)C(F)(F)F,USAIUDWRPJQRTG-UHFFFAOYSA-N,67816.0,DTXSID50880137,C5F12O2S1,5.83,5.83,12.0,351.9427,Sulfonyl fluoride,6.0,no,20.0,0.0,2.0,4.0,34.14,1.0,3.3467,35.8708,0.5746,0.0,0.0,0.0,2.0,1.0,472.5664,19.11,4.3009,2.2823,0.2,0.08,2.0,,compound,
PFAS_117,PFAS,"1H,1H,2H-Perfluorocyclopentane",15290-77-4,FC1CC(F)(F)C(F)(F)C1(F)F,IDBYQQQHBYGLEQ-UHFFFAOYSA-N,3853245.0,DTXSID50880218,C5H3F7,3.45,3.45,7.0,196.0123,Cyclic,2.0,no,12.0,0.0,0.0,0.0,0.0,1.0,2.6341,24.354,0.5222,0.0,0.0,0.0,0.0,0.0,195.9734,9.5969,2.0544,0.8473,0.19,0.05,2.0,,compound,
PFAS_118,PFAS,"3-(Perfluorooctyl)-1,2-propenoxide",38565-53-6,C(C(C(C(C(C(C(C(C(F)(F)F)(F)F)(F)F)(F)F)(F)F)(F)F)(F)F)(F)F)C1CO1,HMXSIEIEXLGIET-UHFFFAOYSA-N,571982.0,DTXSID50880415,C11H5F17O1,6.26,6.26,17.0,476.0069,Ether,2.0,yes,29.0,0.0,1.0,8.0,12.53,1.0,5.7847,55.041,0.3197,0.0,0.0,0.0,1.0,0.0,613.3589,25.806,6.3841,3.3741,0.2,0.01,2.0,,compound,
PFAS_119,PFAS,"Poly(oxy-1,2-ethanediyl), .alpha.-[2-[[(perfluorooctyl)sulfonyl]propylamino]ethyl]-.omega.-hydroxy-",52550-45-5,CCCN(CCOCCO)S(=O)(=O)C(F)(F)C(F)(F)C(F)(F)C(F)(F)C(F)(F)C(F)(F)C(F)(F)C(F)(F)F,DTIJQLFRKLLKHX-UHFFFAOYSA-N,171169.0,DTXSID50880455,C15H16F17N1O4S1,6.21,6.21,17.0,629.0529,Sulfonamide,9.0,yes,38.0,1.0,4.0,15.0,66.84,1.0,5.004,89.3726,0.2047,0.0,0.0,1.0,4.0,1.0,903.5356,36.64,10.8991,5.3449,0.2,,5.0,,compound,
PFAS_120,PFAS,3-(Perfluoro(13-methyltetradecyl))-2-hydroxypropyl dihydrogen phosphate,63295-29-4,C(C(C(C(C(C(C(C(C(C(C(C(C(C(C(F)(F)F)(C(F)(F)F)F)(F)F)(F)F)(F)F)(F)F)(F)F)(F)F)(F)F)(F)F)(F)F)(F)F)(F)F)(F)F)C(CO[P](=O)(O)O)O,PPWMMKOULSCBKB-UHFFFAOYSA-N,6454572.0,DTXSID50880531,C18H8F31O5P1,9.49,9.49,31.0,923.9614,Phosphonate/Phosphate,4.0,yes,55.0,3.0,3.0,17.0,86.99,1.0,9.3032,103.9329,0.1001,0.0,0.0,0.0,5.0,0.0,1409.026,52.9,13.4732,7.1014,0.2,0.08,3.0,,compound,
PFAS_121,PFAS,(2H-Perfluoroethoxy)methyloxirane,85567-21-1,FC(F)C(F)(F)OCC1CO1,HFNPKDDYCOMYLN-UHFFFAOYSA-N,2776649.0,DTXSID50881008,C5H6F4O2,0.93,0.93,4.0,174.0304,Ether,1.0,yes,11.0,0.0,2.0,4.0,21.76,1.0,1.2597,26.643,0.4723,0.0,0.0,0.0,2.0,0.0,134.4441,8.734,2.9419,2.6253,0.2,0.02,2.0,,compound,
PFAS_122,PFAS,"Ammonium perfluoro-3,6-dioxaoctanoate",908020-52-0,FC(C(=O)[O-])(OC(C(OC(C(F)(F)F)(F)F)(F)F)(F)F)F.[NH4+],UEVSRUAUNBKSPD-UHFFFAOYSA-N,,DTXSID50893409,C6H4F11NO4,,,11.0,362.9965,Carboxylic acid,2.0,yes,22.0,1.0,4.0,6.0,95.09,0.8333,2.0792,39.0048,0.7313,0.0,0.0,1.0,4.0,0.0,405.8767,22.8549,5.9944,4.8021,0.2,0.08,,,compound,
PFAS_123,PFAS,Ethyl perfluorononan-1-oate,30377-52-7,CCOC(=O)C(F)(F)C(F)(F)C(F)(F)C(F)(F)C(F)(F)C(F)(F)C(F)(F)C(F)(F)F,DRLDSHOYANTUND-UHFFFAOYSA-N,121681.0,DTXSID60184456,C11H5F17O2,6.26,6.26,17.0,492.0018,Ester,9.0,yes,30.0,0.0,2.0,8.0,26.3,0.9091,5.5589,57.317,0.328,0.0,0.0,0.0,2.0,0.0,646.5801,28.28,7.1647,3.4003,0.2,0.01,2.0,,compound,
PFAS_124,PFAS,N-Ethyl-N-(2-hydroxyethyl)perfluorooctanesulfonamide,1691-99-2,C(N([S](C(C(C(C(C(C(C(C(F)(F)F)(F)F)(F)F)(F)F)(F)F)(F)F)(F)F)(F)F)(=O)=O)CC)CO,HUFHNYZNTFSKCT-UHFFFAOYSA-N,74322.0,DTXSID6027426,C12H10F17N1O3S1,6.0,6.0,17.0,571.011,Sulfonamide,2.0,no,34.0,1.0,3.0,11.0,57.61,1.0,4.5973,73.9366,0.3695,0.0,0.0,1.0,3.0,1.0,835.179,32.68,8.66,4.0509,0.37,0.08,3.0,,compound,
PFAS_125,PFAS,Perfluoromethyloxirane,428-59-1,FC(F)(F)C1(F)OC1(F)F,PGFXOWRDDHCDTE-UHFFFAOYSA-N,9883.0,DTXSID6029177,C3F6O1,1.72,1.72,6.0,165.9853,Ether,1.0,yes,10.0,0.0,1.0,0.0,12.53,1.0,1.8375,15.926,0.3947,0.0,0.0,0.0,1.0,0.0,160.8661,7.6448,1.4125,0.6951,0.19,0.05,2.0,,compound,
PFAS_126,PFAS,"1H,1H,2H-Perfluoro-1-hexene",19430-93-4,FC(F)(F)C(F)(F)C(F)(F)C(F)(F)C=C,GVEUEBXMTMZVSD-UHFFFAOYSA-N,88054.0,DTXSID6047575,C6H3F9,4.4,4.4,9.0,246.0091,Alkene/Vinyl,4.0,no,15.0,0.0,0.0,3.0,0.0,0.6667,3.6406,31.093,0.5264,0.0,0.0,0.0,0.0,0.0,247.8184,14.11,3.3075,1.9096,0.19,,2.0,,compound,
PFAS_127,PFAS,"Piperidine, 2,2,3,3,4,4,5,5,6,6-decafluoro-1-(pentafluoroethyl)-",564-11-4,FC1(F)C(F)(F)C(F)(F)C(F)(F)C(N1C(F)(F)C(F)(F)F)(F)F,USAAEUHMVCSUQS-UHFFFAOYSA-N,68425.0,DTXSID6060341,C7F15N1,3.56,3.56,15.0,382.9791,Cyclic,6.0,no,23.0,0.0,1.0,1.0,3.24,1.0,4.5486,37.576,0.4747,0.0,0.0,1.0,0.0,0.0,456.5441,19.9556,4.299,1.9508,0.2,0.13,5.0,,compound,
PFAS_128,PFAS,Perfluoropentanoic acid (PFPeA),2706-90-3,O=C(O)C(F)(F)C(F)(F)C(F)(F)C(F)(F)F,CXZGQIAOTKWCDB-UHFFFAOYSA-N,75921.0,DTXSID6062599,C5H1F9O2,2.81,2.81,9.0,263.9833,Carboxylic acid,5.0,yes,16.0,1.0,1.0,3.0,37.3,0.8,2.5392,28.5318,0.7951,0.0,0.0,0.0,2.0,0.0,290.7647,14.84,3.4173,1.7755,0.21,0.02,2.0,,compound,
PFAS_129,PFAS,2-(Perfluorohexadecyl)ethanol,65104-67-8,C(C(C(C(C(C(C(C(C(C(C(C(C(C(C(C(C(F)(F)F)(F)F)(F)F)(F)F)(F)F)(F)F)(F)F)(F)F)(F)F)(F)F)(F)F)(F)F)(F)F)(F)F)(F)F)(F)F)CO,UYSGWTCETIRUHO-UHFFFAOYSA-N,103202.0,DTXSID6070221,C18H5F33O1,11.1,11.1,33.0,863.9813,Alcohol/Fluorotelomer,2.0,no,52.0,1.0,1.0,16.0,20.23,1.0,10.4606,91.9628,0.1534,0.0,0.0,0.0,1.0,0.0,1281.8726,49.65,12.0737,5.5532,0.3,0.01,3.0,,compound,
PFAS_130,PFAS,N-(2-Hydroxyethyl)-N-methyl-perfluoroheptanesulfonamide,68555-76-0,C(N([S](=O)(=O)C(F)(F)C(F)(F)C(F)(F)C(F)(F)C(F)(F)C(F)(F)C(F)(F)F)C)CO,UIZUTEDYGNRNSW-UHFFFAOYSA-N,110557.0,DTXSID6071665,C10H8F15N1O3S1,4.84,4.84,15.0,506.9985,Sulfonamide,8.0,no,30.0,1.0,3.0,9.0,57.61,1.0,3.5719,64.3726,0.4862,0.0,0.0,1.0,3.0,1.0,729.4398,28.82,7.4521,3.565,0.3,0.08,3.0,,compound,
PFAS_131,PFAS,Perfluoropentane sulfonamido amine,68555-78-2,C(N[S](=O)(=O)C(F)(F)C(F)(F)C(F)(F)C(F)(F)C(F)(F)F)CCN(C)C,VGJZPFMDBNZBTG-UHFFFAOYSA-N,110559.0,DTXSID6071667,C10H13F11N2O2S1,4.45,4.45,11.0,434.0522,Sulfonamide,6.0,no,26.0,1.0,3.0,9.0,49.41,1.0,2.9185,65.9365,0.4488,0.0,0.0,2.0,2.0,1.0,586.2744,25.1,7.2557,4.1564,0.2,0.13,3.0,,compound,
PFAS_132,PFAS,Perfluoro(2-methyl-3-oxahexanoyl) fluoride,2062-98-8,FC(=O)C(F)(OC(F)(F)C(F)(F)C(F)(F)F)C(F)(F)F,BCLQALQSEBVVAD-UHFFFAOYSA-N,102740.0,DTXSID60862823,C6F12O2,2.49,2.49,12.0,331.9707,Acyl fluoride,6.0,yes,20.0,0.0,2.0,4.0,26.3,0.8333,3.5176,33.043,0.5817,0.0,0.0,0.0,2.0,0.0,380.3892,18.79,4.6644,2.9313,0.24,0.02,2.0,,compound,
PFAS_133,PFAS,Perfluoro-2-butyltetrahydrofuran,335-36-4,O1C(C(C(C(F)(F)C(F)(F)F)(F)F)(F)F)(C(C(C1(F)F)(F)F)(F)F)F,FYJQJMIEZVMYSD-UHFFFAOYSA-N,78976.0,DTXSID60871632,C8F16O1,6.13,6.13,16.0,415.9694,Ether,3.0,no,25.0,0.0,1.0,3.0,9.23,1.0,5.014,40.661,0.5882,0.0,0.0,0.0,1.0,0.0,544.8282,21.8819,4.7601,2.1554,0.33,0.03,3.0,,compound,
PFAS_134,PFAS,"3-((Perfluoroheptyl)sulfonylamino)-N,N,N-trimethyl-1-propanaminium iodide",67584-58-1,[I-].C[N+](C)(C)CCCNS(=O)(=O)C(F)(F)C(F)(F)C(F)(F)C(F)(F)C(F)(F)C(F)(F)C(F)(F)F,WVKDNXONEAFSNR-UHFFFAOYSA-M,,DTXSID60880567,C13H16F15IN2O2S,,,15.0,675.9738,Sulfonamide,8.0,no,34.0,1.0,2.0,11.0,46.17,1.0,1.3377,80.1759,0.1557,0.0,0.0,2.0,2.0,1.0,806.1011,35.7105,9.7827,5.7518,0.25,0.08,,,compound,
PFAS_135,PFAS,"Perfluoro(2-[5-methoxy-1,3-dioxolan-4-yloxy]acetic acid) (C6O4)",1190931-41-9,O=C(O)C(F)(F)OC1(F)OC(F)(F)OC1(F)OC(F)(F)F,CJAXBZSIMAURNW-UHFFFAOYSA-N,145865716.0,DTXSID60882627,C6HF9O6,,,9.0,339.9629,Carboxylic acid,4.0,yes,21.0,1.0,5.0,4.0,74.22,0.8333,2.0605,35.6028,0.7901,0.0,0.0,0.0,6.0,0.0,436.9343,17.7308,4.5866,3.6606,0.23,0.01,,,compound,
PFAS_136,PFAS,(Perfluoroethylene)-propylene copolymer,27029-05-6,CC=C.C(=C(F)F)(F)F,XIUFWXXRTPHHDQ-UHFFFAOYSA-N,19795055.0,DTXSID6094354,C5H6F4,,,4.0,142.0406,Alkene/Vinyl,,no,9.0,0.0,0.0,0.0,0.0,0.2,3.1833,27.329,0.3596,0.0,0.0,0.0,0.0,0.0,87.5256,11.0585,7.2,19.0125,0.31,,,,compound,
PFAS_137,PFAS,7-H-Perfluoroheptanoic acid,1546-95-8,OC(=O)C(F)(F)C(F)(F)C(F)(F)C(F)(F)C(F)(F)C(F)F,JZHDEEOTEUVLHR-UHFFFAOYSA-N,15243.0,DTXSID70165670,C7H2F12O2,3.54,3.54,12.0,345.9863,Carboxylic acid,5.0,no,21.0,1.0,1.0,6.0,37.3,0.8571,3.5126,38.3748,0.7477,0.0,0.0,0.0,2.0,0.0,413.829,19.63,4.8285,2.3696,0.2,0.01,3.0,,compound,
PFAS_138,PFAS,N-Methyl-N-(2-hydroxyethyl)perfluorooctanesulfonamide,24448-09-7,C(N([S](C(C(C(C(C(C(C(C(F)(F)F)(F)F)(F)F)(F)F)(F)F)(F)F)(F)F)(F)F)(=O)=O)C)CO,PLGACQRCZCVKGK-UHFFFAOYSA-N,90507.0,DTXSID7027831,C11H8F17N1O3S1,5.51,5.51,17.0,556.9953,Sulfonamide,2.0,no,33.0,1.0,3.0,10.0,57.61,1.0,4.2072,69.3196,0.4102,0.0,0.0,1.0,3.0,1.0,818.5547,31.68,8.1233,3.9748,0.41,0.02,3.0,,compound,
PFAS_139,PFAS,Perfluorohexanesulfonic acid (PFHxS),355-46-4,OS(=O)(=O)C(F)(F)C(F)(F)C(F)(F)C(F)(F)C(F)(F)C(F)(F)F,QZHDEAJFRJCDMF-UHFFFAOYSA-N,67734.0,DTXSID7040150,C6H1F13O3S1,3.16,3.16,13.0,399.9439,Sulfonic acid/Sulfonate,7.0,no,23.0,1.0,2.0,5.0,54.37,1.0,3.5705,42.3386,0.5674,0.0,0.0,0.0,3.0,1.0,558.7492,22.0,4.997,2.6988,0.27,0.01,5.0,,compound,
PFAS_140,PFAS,Perflexane,355-42-0,FC(C(C(C(F)(F)F)(F)F)(F)F)(C(C(F)(F)F)(F)F)F,ZJIJAJXFLBMLCK-UHFFFAOYSA-N,9639.0,DTXSID7046548,C6F14,4.83,4.83,14.0,337.9776,Perfluoroalkane,4.0,no,20.0,0.0,0.0,3.0,0.0,1.0,4.6522,31.898,0.6573,0.0,0.0,0.0,0.0,0.0,318.8409,19.02,4.2564,2.2542,0.53,0.04,2.0,,compound,
PFAS_141,PFAS,Perfluorohexyl iodide,355-43-1,FC(C(C(C(F)(F)I)(F)F)(F)F)(C(C(F)(F)F)(F)F)F,BULLJMKUVKYZDJ-UHFFFAOYSA-N,67733.0,DTXSID7047566,C6F13I1,5.65,5.65,13.0,445.8837,Iodinated,3.0,no,20.0,0.0,0.0,4.0,0.0,1.0,5.1177,44.81,0.32,0.0,0.0,0.0,0.0,0.0,324.0381,19.82,4.6578,2.5097,0.32,0.07,3.0,,compound,
PFAS_142,PFAS,Perfluoro(N-methylmorpholine),382-28-5,FC(F)(F)N1C(F)(F)C(F)(F)OC(F)(F)C1(F)F,PQMAKJUXOOVROI-UHFFFAOYSA-N,67839.0,DTXSID7059933,C5F11N1O1,3.07,3.07,11.0,298.9804,Ether,4.0,yes,18.0,0.0,2.0,0.0,12.47,1.0,3.2096,28.767,0.5029,0.0,0.0,1.0,1.0,0.0,319.833,15.2083,3.3731,1.7914,0.35,0.03,2.0,,compound,
PFAS_143,PFAS,Perfluoromethylcyclopentane,1805-22-7,FC(F)(F)C1(F)C(F)(F)C(F)(F)C(F)(F)C1(F)F,BCNXQFASJTYKDJ-UHFFFAOYSA-N,74546.0,DTXSID7061982,C6F12,4.26,4.26,12.0,299.9808,Cyclic,4.0,no,18.0,0.0,0.0,0.0,0.0,1.0,3.8118,29.682,0.5968,0.0,0.0,0.0,0.0,0.0,335.2542,15.2183,3.0043,1.0756,0.23,0.01,3.0,,compound,
PFAS_144,PFAS,Perfluorohexane sulfonamido amine,50598-28-2,C(N[S](=O)(=O)C(F)(F)C(F)(F)C(F)(F)C(F)(F)C(F)(F)C(F)(F)F)CCN(C)C,INDOGKYZYLAGEM-UHFFFAOYSA-N,111913.0,DTXSID7068556,C11H13F13N2O2S1,5.12,5.12,13.0,484.049,Sulfonamide,7.0,no,29.0,1.0,3.0,10.0,49.41,1.0,3.5538,70.8835,0.3815,0.0,0.0,2.0,2.0,1.0,672.738,27.96,7.899,4.5198,0.2,0.13,3.0,,compound,
PFAS_145,PFAS,N-ethyl-N-[2-(phosphonooxy)ethyl]perfluorooctanesulfonamide diammonium salt,67969-69-1,[NH4+].[NH4+].CCN(CCOP([O-])([O-])=O)S(=O)(=O)C(F)(F)C(F)(F)C(F)(F)C(F)(F)C(F)(F)C(F)(F)C(F)(F)C(F)(F)F,QANWDYJVELNYTF-UHFFFAOYSA-N,,DTXSID7070925,C12H17F17N3O6PS,,,17.0,685.0304,Sulfonamide,9.0,yes,40.0,2.0,6.0,13.0,182.8,1.0,4.2027,92.3789,0.2164,0.0,0.0,3.0,6.0,1.0,1016.1048,43.2069,11.7934,6.3877,0.25,0.08,,,compound,
PFAS_146,PFAS,"1H,1H,2H,2H-Perfluorodecyltrimethoxysilane",83048-65-1,CO[Si](CCC(F)(F)C(F)(F)C(F)(F)C(F)(F)C(F)(F)C(F)(F)C(F)(F)C(F)(F)F)(OC)OC,HJIMAFKWSKZMBK-UHFFFAOYSA-N,,DTXSID7072884,C13H13F17O3Si,,,17.0,568.0363,Perfluoroalkane,9.0,yes,34.0,0.0,3.0,12.0,27.69,1.0,6.264,76.889,0.2056,0.0,0.0,0.0,3.0,0.0,693.0037,32.9069,9.0894,4.5546,0.44,0.02,,,compound,
PFAS_147,PFAS,Perfluoro(oxacyclopentane),773-14-8,FC1(F)OC(F)(F)C(F)(F)C1(F)F,UEOZRAZSBQVQKG-UHFFFAOYSA-N,164733.0,DTXSID7074329,C4F8O1,2.87,2.87,8.0,215.9821,Ether,2.0,yes,13.0,0.0,1.0,0.0,9.23,1.0,2.4728,20.873,0.5649,0.0,0.0,0.0,1.0,0.0,208.2985,10.4806,2.0711,0.9596,0.28,,2.0,,compound,
PFAS_148,PFAS,3-(Perfluoroethyl)propanol,148043-73-6,OCCCC(F)(F)C(F)(F)F,QROUUECTKRZFHF-UHFFFAOYSA-N,547967.0,DTXSID70869964,C5H7F5O1,2.22,2.22,5.0,178.0417,Alcohol/Fluorotelomer,3.0,no,11.0,1.0,1.0,3.0,20.23,1.0,1.9565,27.3218,0.6546,0.0,0.0,0.0,1.0,0.0,118.5314,10.61,3.3376,3.0045,0.24,0.18,5.0,,compound,
PFAS_149,PFAS,Perfluoro-2-methyl-3-oxahexanoic acid (GenX),13252-13-6,O=C(C(OC(C(C(F)(F)F)(F)F)(F)F)(C(F)(F)F)F)O,CSEBNABAWMZWIF-UHFFFAOYSA-N,114481.0,DTXSID70880215,C6H1F11O3,3.36,3.36,11.0,329.975,Carboxylic acid,4.0,yes,20.0,1.0,2.0,4.0,46.53,0.8333,3.1061,34.5638,0.806,0.0,0.0,0.0,3.0,0.0,382.6002,18.66,4.5952,2.8807,0.2,0.03,3.0,,compound,
PFAS_150,PFAS,2-(N-((Perfluorooctyl)methylsulfonyl)-N-methylamino)ethyl acrylate,66008-69-3,C(N([S](=O)(=O)CC(F)(F)C(F)(F)C(F)(F)C(F)(F)C(F)(F)C(F)(F)C(F)(F)C(F)(F)F)C)COC(=O)C=C,PIINPBJRTIJQBX-UHFFFAOYSA-N,105238.0,DTXSID70880553,C15H12F17N1O4S1,5.88,5.88,17.0,625.0216,Sulfonamide,9.0,yes,38.0,0.0,4.0,13.0,63.68,0.8,4.9866,88.2568,0.1646,0.0,0.0,1.0,4.0,1.0,989.8186,35.93,10.1543,5.6176,0.2,0.08,3.0,,compound,
PFAS_151,PFAS,1-(Carboxymethyl)-1-(2-hydroxyethyl)-4-(perfluoro-1-oxodecyl)piperazinium,71356-38-2,C1C[N+](CCN1C(=O)C(C(C(C(C(C(C(C(C(F)(F)F)(F)F)(F)F)(F)F)(F)F)(F)F)(F)F)(F)F)(F)F)(CCO)CC(=O)[O-],XZONSUWWBDTFJB-UHFFFAOYSA-N,3018103.0,DTXSID70880952,C18H16F19N2O4,3.11,3.11,19.0,684.0728,Carboxylic acid,2.0,yes,43.0,1.0,4.0,12.0,80.67,0.8889,3.0323,94.0322,0.2536,0.0,0.0,2.0,4.0,0.0,1050.6889,38.5547,10.8541,5.5093,0.2,0.08,5.0,,compound,
PFAS_152,PFAS,(Perfluorooctyl)-2-hydroxypropyl dihydrogen phosphate,94158-69-7,OC(COP(O)(O)=O)CC(F)(F)C(F)(F)C(F)(F)C(F)(F)C(F)(F)C(F)(F)C(F)(F)C(F)(F)F,ZAAFLQNFGSTNRW-UHFFFAOYSA-N,3034685.0,DTXSID70881141,C11H8F17O5P1,4.62,4.62,17.0,573.9838,Phosphonate/Phosphate,9.0,yes,34.0,3.0,3.0,11.0,86.99,1.0,4.8561,69.3039,0.2428,0.0,0.0,0.0,5.0,0.0,772.3137,32.88,8.7687,5.1907,0.2,0.08,2.0,,compound,
PFAS_153,PFAS,Perfluorohexylbromide,335-56-8,FC(F)(F)C(F)(F)C(F)(F)C(F)(F)C(F)(F)C(F)(F)Br,JTYRBFORUCBNHJ-UHFFFAOYSA-N,92755.0,DTXSID80187141,C6Br1F13,5.23,5.23,13.0,397.8976,Perfluoroalkane,6.0,no,20.0,0.0,0.0,4.0,0.0,1.0,5.0776,39.717,0.4574,0.0,1.0,0.0,0.0,0.0,324.0381,19.57,4.5309,2.4285,0.2,0.01,2.0,,compound,
PFAS_154,PFAS,Perfluorododecanoic acid (PFDoDA),307-55-1,OC(=O)C(F)(F)C(F)(F)C(F)(F)C(F)(F)C(F)(F)C(F)(F)C(F)(F)C(F)(F)C(F)(F)C(F)(F)C(F)(F)F,CXGONMQFMIYUJR-UHFFFAOYSA-N,67545.0,DTXSID8031861,C12H1F23O2,7.49,7.49,23.0,613.9609,Carboxylic acid,12.0,no,37.0,1.0,1.0,10.0,37.3,0.9167,6.9863,63.1608,0.2699,0.0,0.0,0.0,2.0,0.0,878.6477,34.86,8.1788,3.9014,0.29,0.2,2.0,,compound,
PFAS_155,PFAS,Perfluorononanoic acid (PFNA),375-95-1,O=C(O)C(F)(F)C(F)(F)C(F)(F)C(F)(F)C(F)(F)C(F)(F)C(F)(F)C(F)(F)F,UZUFPBIDKMEQEQ-UHFFFAOYSA-N,67821.0,DTXSID8031863,C9H1F17O2,5.48,5.48,17.0,463.9705,Carboxylic acid,9.0,yes,28.0,1.0,1.0,7.0,37.3,0.8889,5.0804,48.3198,0.5343,0.0,0.0,0.0,2.0,0.0,614.6078,26.28,6.1367,2.907,0.29,0.41,2.0,,compound,
PFAS_156,PFAS,Perfluorooctanoic acid (PFOA),335-67-1,OC(=O)C(F)(F)C(F)(F)C(F)(F)C(F)(F)C(F)(F)C(F)(F)C(F)(F)F,SNGREZUHAYWORS-UHFFFAOYSA-N,9554.0,DTXSID8031865,C8H1F15O2,4.81,4.81,15.0,413.9737,Carboxylic acid,8.0,no,25.0,1.0,1.0,6.0,37.3,0.875,4.4451,43.3728,0.6531,0.0,0.0,0.0,2.0,0.0,530.1397,23.42,5.4563,2.7392,0.29,0.43,3.0,2.8,compound,
PFAS_157,PFAS,Ammonium perfluorooctanoate,3825-26-1,[H][N]([H])([H])([H])OC(=O)C(F)(F)C(F)(F)C(F)(F)C(F)(F)C(F)(F)C(F)(F)C(F)(F)F,YOALFLHFSFEMLP-UHFFFAOYSA-N,2776282.0,DTXSID8037708,C8H2F15N1O2,3.37,3.37,,,,8.0,yes,,,,,,,,,,,,,,,,,,,0.51,0.41,5.0,,compound,
PFAS_158,PFAS,Perfluoroundecanoic acid (PFUnDA),2058-94-8,OC(=O)C(F)(F)C(F)(F)C(F)(F)C(F)(F)C(F)(F)C(F)(F)C(F)(F)C(F)(F)C(F)(F)C(F)(F)F,SIDINRCMMRKXGQ-UHFFFAOYSA-N,77222.0,DTXSID8047553,C11H1F21O2,6.82,6.82,21.0,563.9641,Carboxylic acid,11.0,no,34.0,1.0,1.0,9.0,37.3,0.9091,6.351,58.2138,0.3319,0.0,0.0,0.0,2.0,0.0,789.0316,32.0,7.498,3.492,0.21,0.02,2.0,,compound,
PFAS_159,PFAS,Perfluorooctanesulfonamido ammonium iodide,1652-63-7,[I-].C[N+](C)(C)CCCNS(=O)(=O)C(F)(F)C(F)(F)C(F)(F)C(F)(F)C(F)(F)C(F)(F)C(F)(F)C(F)(F)F,MLIMEVJPZQAQQE-UHFFFAOYSA-M,,DTXSID8051419,C14H16F17IN2O2S,,,17.0,725.9706,Sulfonamide,9.0,no,37.0,1.0,2.0,12.0,46.17,1.0,1.973,85.1229,0.145,0.0,0.0,2.0,2.0,1.0,896.6548,38.557,10.4275,6.1131,0.25,0.08,,,compound,
PFAS_160,PFAS,Perfluoroheptane,335-57-9,FC(F)(F)C(F)(F)C(F)(F)C(F)(F)C(F)(F)C(F)(F)C(F)(F)F,LGUZHRODIJCVOC-UHFFFAOYSA-N,9553.0,DTXSID8052019,C7F16,5.5,5.5,16.0,387.9745,Perfluoroalkane,8.0,no,23.0,0.0,0.0,4.0,0.0,1.0,5.2875,36.845,0.5748,0.0,0.0,0.0,0.0,0.0,394.3256,21.88,4.9379,2.6617,0.33,0.01,2.0,,compound,
PFAS_161,PFAS,Perfluoroheptanesulfonic acid (PFHpS),375-92-8,O=[S](=O)(O)C(F)(F)C(F)(F)C(F)(F)C(F)(F)C(F)(F)C(F)(F)C(F)(F)F,OYGQVDSRYXATEL-UHFFFAOYSA-N,67820.0,DTXSID8059920,C7H1F15O3S1,3.82,3.82,15.0,449.9407,Sulfonic acid/Sulfonate,8.0,yes,26.0,1.0,2.0,6.0,54.37,1.0,4.2058,47.2856,0.4878,0.0,0.0,0.0,3.0,1.0,644.6414,24.86,5.6783,2.8547,0.2,0.01,2.0,,compound,
PFAS_162,PFAS,Methyl perfluorooctanoate,376-27-2,COC(=O)C(F)(F)C(F)(F)C(F)(F)C(F)(F)C(F)(F)C(F)(F)C(F)(F)F,XOCNYZFAMHDXJK-UHFFFAOYSA-N,67824.0,DTXSID8059924,C9H3F15O2,5.1,5.1,15.0,427.9894,Ester,8.0,yes,26.0,0.0,2.0,6.0,26.3,0.8889,4.5335,47.753,0.4593,0.0,0.0,0.0,2.0,0.0,545.8105,24.42,5.9662,2.8178,0.24,0.01,2.0,,compound,
PFAS_163,PFAS,Perfluoropropanoic acid (PFPrA),422-64-0,OC(=O)C(F)(F)C(F)(F)F,LRMSQVBRUNSOJL-UHFFFAOYSA-N,62356.0,DTXSID8059970,C3H1F5O2,1.47,1.47,5.0,163.9897,Carboxylic acid,3.0,no,10.0,1.0,1.0,1.0,37.3,0.6667,1.2686,18.6378,0.5921,0.0,0.0,0.0,2.0,0.0,147.4623,9.12,2.0647,1.3376,0.24,0.03,3.0,,compound,
PFAS_164,PFAS,Perfluorodecyl iodide,423-62-1,FC(C(C(C(C(C(F)(F)I)(F)F)(F)F)(F)F)(F)F)(C(C(C(C(F)(F)F)(F)F)(F)F)(F)F)F,UDWBMXSQHOHKOI-UHFFFAOYSA-N,67920.0,DTXSID8059974,C10F21I1,8.33,8.33,21.0,645.8709,Iodinated,3.0,no,32.0,0.0,0.0,8.0,0.0,1.0,7.6589,64.598,0.1445,0.0,0.0,0.0,0.0,0.0,632.3494,31.26,7.3772,3.6276,0.28,0.01,3.0,,compound,
PFAS_165,PFAS,"1H,1H-Perfluorobutyl acrylate",424-64-6,FC(F)(F)C(F)(F)C(F)(F)COC(=O)C=C,PLXOUIVCSUBZIX-UHFFFAOYSA-N,67923.0,DTXSID8059978,C7H5F7O2,3.27,3.27,7.0,254.0178,Ester,3.0,yes,16.0,0.0,2.0,4.0,26.3,0.5714,2.5485,37.105,0.4375,0.0,0.0,0.0,2.0,0.0,280.9502,14.72,4.3004,2.8592,0.2,0.02,2.0,,compound,
PFAS_166,PFAS,"1H,1H,2H,2H-Perfluorohexyl methacrylate",1799-84-4,C(C(C(C(C(F)(F)F)(F)F)(F)F)(F)F)COC(C(C)=C)=O,TYNRPOFACABVSI-UHFFFAOYSA-N,74534.0,DTXSID8061979,C10H9F9O2,4.98,4.98,9.0,332.0459,Ester,2.0,yes,21.0,0.0,2.0,6.0,26.3,0.7,3.964,51.286,0.418,0.0,0.0,0.0,2.0,0.0,411.2417,19.58,5.7578,3.817,0.28,0.01,3.0,,compound,
PFAS_167,PFAS,2-(Perfluorooctyl)ethyl methacrylate,1996-88-9,CC(=C)C(=O)OCCC(F)(F)C(F)(F)C(F)(F)C(F)(F)C(F)(F)C(F)(F)C(F)(F)C(F)(F)F,HBZFBSFGXQBQTB-UHFFFAOYSA-N,160606.0,DTXSID8062101,C14H9F17O2,7.65,7.65,17.0,532.0331,Ester,9.0,yes,33.0,0.0,2.0,10.0,26.3,0.7857,6.5052,71.074,0.1825,0.0,0.0,0.0,2.0,0.0,749.3027,31.02,8.3515,4.544,0.31,0.1,2.0,,compound,
PFAS_168,PFAS,Perfluoropentanesulfonic acid (PFPeS),2706-91-4,O=[S](=O)(O)C(F)(F)C(F)(F)C(F)(F)C(F)(F)C(F)(F)F,ACEKLXZRZOWKRY-UHFFFAOYSA-N,75922.0,DTXSID8062600,C5H1F11O3S1,2.49,2.49,11.0,349.9471,Sulfonic acid/Sulfonate,6.0,yes,20.0,1.0,2.0,4.0,54.37,1.0,2.9352,37.3916,0.6267,0.0,0.0,0.0,3.0,1.0,474.7773,19.14,4.3157,2.2917,0.17,0.08,2.0,,compound,
PFAS_169,PFAS,N-ethyl-N-[2-(phosphonooxy)ethyl]perfluorooctanesulfonamide,3820-83-5,C(F)(F)(F)C(F)(F)C(F)(F)C(F)(F)C(F)(F)C(F)(F)C(F)(F)C(F)(F)[S](=O)(=O)N(CC)CCO[P](=O)(O[H])O[H],JRSUJBJSUYPODE-UHFFFAOYSA-N,77442.0,DTXSID8063204,C12H11F17N1O6P1S1,5.91,5.91,17.0,650.9773,Sulfonamide,8.0,yes,38.0,2.0,4.0,13.0,104.14,1.0,4.7143,84.8469,0.2211,0.0,0.0,1.0,6.0,1.0,1007.4038,36.83,10.0301,5.411,0.2,0.08,3.0,,compound,
PFAS_170,PFAS,(Perfluorohexyl)ethylene,25291-17-2,C(C(C(C(C(C(F)(F)C(F)(F)F)(F)F)(F)F)(F)F)(F)F)=C,FYQFWFHDPNXORA-UHFFFAOYSA-N,91384.0,DTXSID8067076,C8H3F13,5.74,5.74,13.0,346.0027,Alkene/Vinyl,3.0,no,21.0,0.0,0.0,5.0,0.0,0.75,4.9112,40.987,0.4902,0.0,0.0,0.0,0.0,0.0,400.8845,19.83,4.6629,2.432,0.37,0.06,2.0,,compound,
PFAS_171,PFAS,N-Ethyl-N-[3-(trimethoxysilyl)propyl]perfluorooctanesulfonamide,61660-12-6,CCN(CCC[Si](OC)(OC)OC)S(=O)(=O)C(F)(F)C(F)(F)C(F)(F)C(F)(F)C(F)(F)C(F)(F)C(F)(F)C(F)(F)F,BFSVEUJCJYGSKA-UHFFFAOYSA-N,,DTXSID8069484,C16H20F17NO5SSi,,,17.0,689.056,Sulfonamide,9.0,yes,41.0,0.0,5.0,16.0,65.07,1.0,5.8732,103.0558,0.15,0.0,0.0,1.0,5.0,1.0,992.786,39.8169,11.722,5.8525,0.2,0.08,,,compound,
PFAS_172,PFAS,(Perfluorohexadecyl)ethyl iodide,65150-94-9,C(I)CC(F)(F)C(F)(F)C(F)(F)C(F)(F)C(F)(F)C(F)(F)C(F)(F)C(F)(F)C(F)(F)C(F)(F)C(F)(F)C(F)(F)C(F)(F)C(F)(F)C(F)(F)C(F)(F)F,GCGKXUZHBVVLML-UHFFFAOYSA-N,103259.0,DTXSID8070253,C18H4F33I1,13.32,13.32,33.0,973.8831,Iodinated,17.0,no,52.0,0.0,0.0,16.0,0.0,1.0,11.9033,103.764,0.0821,0.0,0.0,0.0,0.0,0.0,1281.8726,50.42,12.4629,5.7656,0.24,0.08,3.0,,compound,
PFAS_173,PFAS,N-Methylperfluorooctanesulfonamidoethyl acrylate,25268-77-3,C[N@@](CCOC(C=C)=O)S(C(C(C(C(C(F)(F)C(C(C(F)(F)F)(F)F)(F)F)(F)F)(F)F)(F)F)(F)F)(=O)=O,RTJZWOGSCLVJLD-UHFFFAOYSA-N,91369.0,DTXSID80865199,C14H10F17N1O4S1,6.87,6.87,17.0,611.0059,Sulfonamide,3.0,yes,37.0,0.0,4.0,12.0,63.68,0.7857,4.9441,83.3898,0.1783,0.0,0.0,1.0,4.0,1.0,972.9729,34.93,9.5932,4.9107,0.29,0.08,3.0,,compound,
PFAS_174,PFAS,1-Hydroperfluoroheptane,,FC(F)C(F)(F)C(F)(F)C(F)(F)C(F)(F)C(F)(F)C(F)(F)F,HBZVXKDQRIQMCW-UHFFFAOYSA-N,9778.0,DTXSID80871634,C7H1F15,4.89,4.89,15.0,369.9839,Perfluoroalkane,7.0,no,22.0,0.0,0.0,5.0,0.0,1.0,4.9903,36.794,0.5986,0.0,0.0,0.0,0.0,0.0,400.6043,20.95,4.9744,2.4472,0.44,0.03,5.0,,compound,
PFAS_175,PFAS,3-(Perfluoro(11-methyldodecyl))-2-hydroxypropyl dihydrogen phosphate,63295-28-3,C(C(C(C(C(C(C(C(C(C(C(C(C(F)(F)F)(C(F)(F)F)F)(F)F)(F)F)(F)F)(F)F)(F)F)(F)F)(F)F)(F)F)(F)F)(F)F)C(CO[P](=O)(O)O)O,NZFUNOLSROCOSD-UHFFFAOYSA-N,6454571.0,DTXSID80880529,C16H8F27O5P1,8.15,8.15,27.0,823.9678,Phosphonate/Phosphate,4.0,yes,49.0,3.0,3.0,15.0,86.99,1.0,8.0326,94.0389,0.1152,0.0,0.0,0.0,5.0,0.0,1216.3723,47.18,12.1229,6.5645,0.24,0.08,3.0,,compound,
PFAS_176,PFAS,Perfluoro(3-(1-(ethenyloxy)propan-2-yloxy)propanenitrile),69804-19-9,FC(F)=C(F)OC(F)(F)C(F)(OC(F)(F)C(F)(F)C#N)C(F)(F)F,LYIPDZSLYLDLCU-UHFFFAOYSA-N,112160.0,DTXSID80880943,C8F13N1O2,3.66,3.66,13.0,388.9721,Ether,5.0,yes,24.0,0.0,3.0,6.0,42.25,0.625,4.6273,42.868,0.4918,0.0,0.0,1.0,2.0,0.0,543.1554,22.08,6.1819,3.9388,0.2,0.04,3.0,,compound,
PFAS_177,PFAS,"N,N-Dimethyl-3-((perfluorohexyl)ethylsulfonyl)aminopropanamine N-oxide",80475-32-7,CN(C)CCC[NH+]([O-])[S](=O)(=O)CCC(F)(F)C(F)(F)C(F)(F)C(F)(F)C(F)(F)C(F)(F)F,KBDMGVIUNQWTND-UHFFFAOYSA-N,138394285.0,DTXSID80880983,C13H17F13N2O3S1,3.78,3.78,13.0,528.0752,Sulfonamide,7.0,yes,32.0,1.0,4.0,12.0,64.88,1.0,2.7795,81.5615,0.3129,0.0,0.0,2.0,3.0,1.0,737.8442,30.92,9.283,5.6944,0.59,0.08,5.0,,compound,
PFAS_178,PFAS,1-(Perfluoroethoxy)perfluoropropane,66840-50-4,FC(F)(F)C(F)(F)OC(F)(F)C(F)(F)C(F)(F)F,YBVRDNKKIWCSHJ-UHFFFAOYSA-N,10968705.0,DTXSID80892066,C5F12O1,4.6,4.6,12.0,303.9758,Ether,6.0,yes,18.0,0.0,1.0,3.0,9.23,1.0,3.9485,28.036,0.7175,0.0,0.0,0.0,1.0,0.0,296.5701,17.12,4.0622,2.9219,0.58,0.01,5.0,,compound,
PFAS_179,PFAS,Perfluoro(2-((6-chlorohexyl)oxy)ethanesulfonic acid),756426-58-1,FC(F)(Cl)C(F)(F)C(F)(F)C(F)(F)C(F)(F)C(F)(F)OC(F)(F)C(F)(S(=O)(O)=O)F,GGOUUEMCWBTDMT-UHFFFAOYSA-N,22568738.0,DTXSID80892506,C8HClF16O4S,,,16.0,531.9029,Sulfonic acid/Sulfonate,6.0,yes,30.0,1.0,3.0,9.0,63.6,1.0,5.042,58.0626,0.2568,1.0,0.0,0.0,4.0,1.0,755.6969,29.04,7.0204,3.9606,0.02,,,,compound,
PFAS_180,PFAS,"1,6-Diiodoperfluorohexane",375-80-4,FC(I)(F)C(F)(F)C(F)(F)C(F)(F)C(F)(F)C(F)(F)I,JOQDDLBOAIKFQX-UHFFFAOYSA-N,78994.0,DTXSID90190949,C6F12I2,6.47,6.47,12.0,553.7898,Iodinated,5.0,no,20.0,0.0,0.0,5.0,0.0,1.0,5.5832,57.722,0.2368,0.0,0.0,0.0,0.0,0.0,327.1243,20.62,5.0725,2.7777,0.21,0.14,2.0,,compound,
PFAS_181,PFAS,Perfluoroglutaric anhydride,376-68-1,FC1(F)C(=O)OC(=O)C(F)(F)C1(F)F,IHYAGCYJVNHXCT-UHFFFAOYSA-N,78995.0,DTXSID90191037,C5F6O3,2.19,2.19,6.0,221.9752,Ester,1.0,yes,14.0,0.0,3.0,0.0,43.37,0.6,0.9757,25.94,0.3482,0.0,0.0,0.0,3.0,0.0,280.5888,10.7986,2.3938,0.946,0.2,0.02,2.0,,compound,
PFAS_182,PFAS,3-Perfluoroheptylpropanoic acid (7:3 FTCA),812-70-4,OC(=O)CCC(F)(F)C(F)(F)C(F)(F)C(F)(F)C(F)(F)C(F)(F)C(F)(F)F,HLBRGVKRZQSQHB-UHFFFAOYSA-N,2783376.0,DTXSID90382620,C10H5F15O2,5.8,5.8,15.0,442.005,Carboxylic acid,8.0,no,27.0,1.0,1.0,8.0,37.3,0.9,5.2253,52.6068,0.5236,0.0,0.0,0.0,2.0,0.0,561.4352,25.42,6.4927,3.5966,0.02,0.01,4.0,,compound,
PFAS_183,PFAS,Perflutren,76-19-7,FC(F)(F)C(F)(F)C(F)(F)F,QYSGYZVSCZSLHT-UHFFFAOYSA-N,6432.0,DTXSID9052503,C3F8,2.82,2.82,8.0,187.9872,Perfluoroalkane,4.0,no,11.0,0.0,0.0,0.0,0.0,1.0,2.7463,17.057,0.5124,0.0,0.0,0.0,0.0,0.0,120.3966,10.44,2.2109,1.718,0.4,0.02,2.0,,compound,
PFAS_184,PFAS,Perfluoroheptanesulphonyl fluoride,335-71-7,O=[S](F)(=O)C(F)(F)C(F)(F)C(F)(F)C(F)(F)C(F)(F)C(F)(F)C(F)(F)F,FBIOXUYLJVKPPG-UHFFFAOYSA-N,67635.0,DTXSID9059830,C7F16O2S1,7.17,7.17,16.0,451.9364,Sulfonyl fluoride,8.0,no,26.0,0.0,2.0,6.0,34.14,1.0,4.6173,45.7648,0.4359,0.0,0.0,0.0,2.0,1.0,641.9996,24.83,5.6635,2.8459,0.28,0.08,2.0,,compound,
PFAS_185,PFAS,Perfluamine,338-83-0,FC(F)(F)C(F)(F)C(F)(F)N(C(F)(F)C(F)(F)C(F)(F)F)C(F)(F)C(F)(F)C(F)(F)F,JAJLKEVKNDUJBG-UHFFFAOYSA-N,67645.0,DTXSID9059834,C9F21N1,6.19,6.19,21.0,520.9695,Perfluoroalkane,11.0,no,31.0,0.0,1.0,6.0,3.24,1.0,6.6596,49.686,0.2795,0.0,0.0,1.0,0.0,0.0,554.8894,29.49,6.9922,4.0235,0.3,0.01,2.0,,compound,
PFAS_186,PFAS,"1H,1H-Perfluoropropyl acrylate",356-86-5,FC(F)(F)C(F)(F)COC(=O)C=C,JDVGNKIUXZQTFD-UHFFFAOYSA-N,67744.0,DTXSID9059884,C6H5F5O2,2.6,2.6,5.0,204.021,Ester,2.0,yes,13.0,0.0,2.0,3.0,26.3,0.5,1.9132,32.158,0.3984,0.0,0.0,0.0,2.0,0.0,207.5604,11.86,3.7142,3.3892,0.2,0.02,2.0,,compound,
PFAS_187,PFAS,Perfluoropentanoyl fluoride,375-62-2,FC(=O)C(F)(F)C(F)(F)C(F)(F)C(F)(F)F,RUFSXELMOQBMOF-UHFFFAOYSA-N,67812.0,DTXSID9059917,C5F10O1,1.93,1.93,10.0,265.9789,Acyl fluoride,5.0,no,16.0,0.0,1.0,3.0,17.07,0.8,2.9507,27.011,0.5666,0.0,0.0,0.0,1.0,0.0,288.0747,14.97,3.4844,1.8182,0.24,0.02,2.0,,compound,
PFAS_188,PFAS,"1-Iodo-1H,1H,2H,2H-perfluoroheptane",1682-31-1,C(I)CC(F)(F)C(F)(F)C(F)(F)C(F)(F)C(F)(F)F,KEHJVWWDDAAVHB-UHFFFAOYSA-N,74309.0,DTXSID9061881,C7H4F11I1,5.96,5.96,11.0,423.9182,Iodinated,6.0,no,19.0,0.0,0.0,5.0,0.0,1.0,4.915,49.347,0.3344,0.0,0.0,0.0,0.0,0.0,317.4956,18.96,5.0576,2.865,0.2,0.08,3.0,,compound,
PFAS_189,PFAS,Perfluorooctane sulfonamido amine,13417-01-1,C(N[S](=O)(=O)C(F)(F)C(F)(F)C(F)(F)C(F)(F)C(F)(F)C(F)(F)C(F)(F)C(F)(F)F)CCN(C)C,MSJXTBMNRCTIDR-UHFFFAOYSA-N,83421.0,DTXSID9065443,C13H13F17N2O2S1,6.46,6.46,17.0,584.0426,Sulfonamide,9.0,no,35.0,1.0,3.0,12.0,49.41,1.0,4.8244,80.7775,0.2646,0.0,0.0,2.0,2.0,1.0,850.5222,33.68,9.2086,4.9689,0.2,0.08,3.0,,compound,
PFAS_190,PFAS,"N-(2-Carboxyethyl)-N,N-dimethyl-3-[[(perfluorohexyl)ethylsulfonyl]amino]propanaminium",61798-69-4,C(C(F)(F)C(F)(F)C(F)(F)C(F)(F)C(F)(F)C(F)(F)F)C[S](=O)(=O)NCCC[N+](CCC([O-])=O)(C)C,STSGGDGRBYWSDX-UHFFFAOYSA-N,112730.0,DTXSID9069502,C16H22F13N2O4S1,3.4,3.4,13.0,584.1014,Sulfonamide,7.0,yes,36.0,1.0,4.0,15.0,86.3,0.9375,2.6412,93.2799,0.1824,0.0,0.0,2.0,4.0,1.0,873.7659,34.43,10.6599,7.4831,0.2,0.08,3.0,,compound,
PFAS_191,PFAS,Perfluorotridecanoic acid (PFTrDA),72629-94-8,O=C(O)C(F)(F)C(F)(F)C(F)(F)C(F)(F)C(F)(F)C(F)(F)C(F)(F)C(F)(F)C(F)(F)C(F)(F)C(F)(F)C(F)(F)F,LVDGGZAZAYHXEY-UHFFFAOYSA-N,3018355.0,DTXSID90868151,C13H1F25O2,8.16,8.16,25.0,663.9577,Carboxylic acid,13.0,yes,40.0,1.0,1.0,11.0,37.3,0.9231,7.6216,68.1078,0.2311,0.0,0.0,0.0,2.0,0.0,969.688,37.72,8.8597,4.0809,0.2,0.08,3.0,,compound,
PFAS_192,PFAS,3-Ethoxyperfluoro(2-methylhexane),297730-93-9,CCOC(C(C(F)(F)F)(C(F)(F)F)F)(C(C(C(F)(F)F)(F)F)(F)F)F,HHBBIOLEJRWIGU-UHFFFAOYSA-N,2782436.0,DTXSID90870315,C9H5F15O1,5.77,5.77,15.0,414.0101,Ether,6.0,yes,25.0,0.0,1.0,5.0,9.23,1.0,5.3545,47.363,0.5514,0.0,0.0,0.0,1.0,0.0,456.8644,23.91,5.973,3.0928,0.33,0.03,3.0,,compound,
PFAS_193,PFAS,"1H,1H,5H-Perfluoropentyl methacrylate",355-93-1,CC(=C)C(=O)OCC(F)(F)C(F)(F)C(F)(F)C(F)F,ZNJXRXXJPIFFAO-UHFFFAOYSA-N,67739.0,DTXSID90880131,C9H8F8O2,3.88,3.88,8.0,300.0397,Ester,3.0,yes,19.0,0.0,2.0,6.0,26.3,0.6667,3.2767,46.618,0.4274,0.0,0.0,0.0,2.0,0.0,363.2311,17.65,5.334,3.3521,0.39,0.04,3.0,,compound,
PFAS_194,PFAS,"1-Iodo-1H,1H,2H,2H-perfluorononane",2043-52-9,C(I)CC(F)(F)C(F)(F)C(F)(F)C(F)(F)C(F)(F)C(F)(F)C(F)(F)F,QVTHRDRXTVTNEK-UHFFFAOYSA-N,74884.0,DTXSID90880156,C9H4F15I1,7.3,7.3,15.0,523.9118,Iodinated,8.0,no,25.0,0.0,0.0,7.0,0.0,1.0,6.1856,59.241,0.2121,0.0,0.0,0.0,0.0,0.0,475.8839,24.68,6.3841,3.3454,0.2,0.08,3.0,,compound,
PFAS_195,PFAS,"3-((Perfluorohexylsulfonyl)amino)-N,N,N-trimethyl-1-propanaminium iodide",68957-58-4,[I-].C[N+](C)(C)CCCNS(=O)(=O)C(F)(F)C(F)(F)C(F)(F)C(F)(F)C(F)(F)C(F)(F)F,ISWKWKSVIRGKHB-UHFFFAOYSA-M,,DTXSID90880939,C12H16F13IN2O2S,,,13.0,625.977,Sulfonamide,7.0,no,31.0,1.0,2.0,10.0,46.17,1.0,0.7024,75.2289,0.1683,0.0,0.0,2.0,2.0,1.0,716.9852,32.8667,9.1466,5.7924,0.25,0.13,,,compound,
PFAS_196,PFAS,N-Ethyl perfluorooctane sulfonamidoethanol,1691-99-2,OCC[NH+](CC)S(=O)(=O)C(F)(F)C(F)(F)C(F)(F)C(F)(F)C(F)(F)C(F)(F)C(F)(F)C(F)(F)F,,,DTXSID5021204,,5.88,,17.0,599.27,sulfonamide,C8,,,,,,,,,,,,,,,,,,,,,,,,compound,
PFAS_197,PFAS,8:2 Fluorotelomer sulfonic acid,39108-34-4,OS(=O)(=O)CCC(F)(F)C(F)(F)C(F)(F)C(F)(F)C(F)(F)C(F)(F)C(F)(F)C(F)(F)F,,,DTXSID00873439,,4.21,,17.0,528.16,sulfonate,C10,,,,,,,,,,,,,,,,,,,,,,,,compound,
PFAS_198,PFAS,6:2 Fluorotelomer sulfonic acid,27619-97-2,OS(=O)(=O)CCC(F)(F)C(F)(F)C(F)(F)C(F)(F)C(F)(F)C(F)(F)F,,,DTXSID6067331,,3.18,,13.0,428.16,sulfonate,C8,,,,,,,,,,,,,,,,,,,,,,,,compound,
PFAS_199,PFAS,Perfluoro-n-butanesulfonamide,30334-69-1,NS(=O)(=O)C(F)(F)C(F)(F)C(F)(F)C(F)(F)F,,,DTXSID3046439,,2.1,,9.0,299.09,sulfonamide,C4,,,,,,,,,,,,,,,,,,,,,,,,compound,
PFAS_200,PFAS,Perfluoro-4-methoxybutanoic acid,863090-89-5,OC(=O)C(F)(F)C(F)(F)C(F)(F)OC(F)(F)F,,,DTXSID20477754,,2.3,,9.0,314.07,carboxylate,C5,,,,,,,,,,,,,,,,,,,,,,,,compound,
PFAS_201,PFAS,6:2 Fluorotelomer sulfonamide,1799-66-2,NS(=O)(=O)CCC(F)(F)C(F)(F)C(F)(F)C(F)(F)C(F)(F)C(F)(F)F,,,DTXSID00873574,,3.05,,13.0,427.18,sulfonamide,C8,,,,,,,,,,,,,,,,,,,,,,,,compound,
PFAS_202,PFAS,Perfluoro-4-(perfluoroethyl)cyclohexylsulfonate,80988-54-1,OC1(CC(CC(C1)(F)F)(F)F)S(=O)(=O)C(F)(F)C(F)(F)F,,,DTXSID20892328,,3.8,,13.0,461.13,sulfonate,cyclic,,,,,,,,,,,,,,,,,,,,,,,,compound,
PFAS_203,PFAS,N-Methyl perfluorooctane sulfonamide,31506-32-8,CNS(=O)(=O)C(F)(F)C(F)(F)C(F)(F)C(F)(F)C(F)(F)C(F)(F)C(F)(F)C(F)(F)F,,,DTXSID2021207,,5.1,,17.0,513.12,sulfonamide,C8,,,,,,,,,,,,,,,,,,,,,,,,compound,
PFAS_204,PFAS,N-(3-Aminopropyl) perfluorooctane sulfonamide,13127-83-8,NCCCNS(=O)(=O)C(F)(F)C(F)(F)C(F)(F)C(F)(F)C(F)(F)C(F)(F)C(F)(F)C(F)(F)F,,,DTXSID0046429,,4.85,,17.0,556.16,sulfonamide,C8,,,,,,,,,,,,,,,,,,,,,,,,compound,
PFAS_205,PFAS,Trifluoroacetic acid,76-05-1,OC(=O)C(F)(F)F,,,DTXSID6021437,,0.5,,3.0,114.02,carboxylate,C2,,,,,,,,,,,,,,,,,,,,,,,,compound,
PFAS_MOF_016,PFAS,PFAS (general),,,,,,,,,,,,,,,,,,,,,,,,,,,,,,,,,,,,category,
PFAS_MOF_018,PFAS,PFAS,,,,,,,,,,,,,,,,,,,,,,,,,,,,,,,,,,,,category,
PFAS_MOF_023,PFAS,PFCA,,,,,,,,,,,,,,,,,,,,,,,,,,,,,,,,,,,,category,
PFAS_MOF_024,PFAS,PFSA,,,,,,,,,,,,,,,,,,,,,,,,,,,,,,,,,,,,category,
PFAS_MOF_025,PFAS,FTS,,,,,,,,,,,,,,,,,,,,,,,,,,,,,,,,,,,,category,
PFAS_MOF_026,PFAS,FTCA,,,,,,,,,,,,,,,,,,,,,,,,,,,,,,,,,,,,category,
PFAS_MOF_027,PFAS,FASAA,,,,,,,,,,,,,,,,,,,,,,,,,,,,,,,,,,,,category,
PFAS_MOF_028,PFAS,FASA,,,,,,,,,,,,,,,,,,,,,,,,,,,,,,,,,,,,category,
